pixel_id,x,y,t,R,G,B,A,Gx,Gy
0,0.0,0.0,53.0,0.0352941176470588,0.0352941176470588,0.0352941176470588,1.0,-6.0,6.0
1,1.0,0.0,53.0,0.0117647058823529,0.0117647058823529,0.0117647058823529,1.0,3.5,-3.0
2,2.0,0.0,53.0,0.0627450980392156,0.0627450980392156,0.0627450980392156,1.0,-1.5,-14.0
3,3.0,0.0,53.0,0.0,0.0,0.0,1.0,0.0,1.0
4,4.0,0.0,53.0,0.0627450980392156,0.0627450980392156,0.0627450980392156,1.0,10.5,-4.0
5,5.0,0.0,53.0,0.0823529411764705,0.0823529411764705,0.0823529411764705,1.0,-3.5,-21.0
6,6.0,0.0,53.0,0.0352941176470588,0.0352941176470588,0.0352941176470588,1.0,-10.5,-5.0
7,7.0,0.0,53.0,0.0,0.0,0.0,1.0,1.5,0.0
8,8.0,0.0,53.0,0.0470588235294117,0.0470588235294117,0.0470588235294117,1.0,4.5,-12.0
9,9.0,0.0,53.0,0.0352941176470588,0.0352941176470588,0.0352941176470588,1.0,0.0,2.0
10,10.0,0.0,53.0,0.0470588235294117,0.0470588235294117,0.0470588235294117,1.0,2.0,-4.0
11,11.0,0.0,53.0,0.0509803921568627,0.0509803921568627,0.0509803921568627,1.0,-6.0,-7.0
12,12.0,0.0,53.0,0.0,0.0,0.0,1.0,-6.5,1.0
13,13.0,0.0,53.0,0.0,0.0,0.0,1.0,3.5,5.0
14,14.0,0.0,53.0,0.0274509803921568,0.0274509803921568,0.0274509803921568,1.0,10.0,-7.0
15,15.0,0.0,53.0,0.0784313725490196,0.0784313725490196,0.0784313725490196,1.0,-3.5,-18.0
16,16.0,0.0,53.0,0.0,0.0,0.0,1.0,-10.0,0.0
17,17.0,0.0,53.0,0.0,0.0,0.0,1.0,0.0,0.0
18,18.0,0.0,53.0,0.0,0.0,0.0,1.0,0.5,11.0
19,19.0,0.0,53.0,0.0039215686274509,0.0039215686274509,0.0039215686274509,1.0,0.0,-1.0
20,20.0,0.0,53.0,0.0,0.0,0.0,1.0,-0.5,0.0
21,21.0,0.0,53.0,0.0,0.0,0.0,1.0,0.0,0.0
22,22.0,0.0,53.0,0.0,0.0,0.0,1.0,0.0,13.0
23,23.0,0.0,53.0,0.0,0.0,0.0,1.0,5.5,2.0
24,24.0,0.0,53.0,0.0431372549019607,0.0431372549019607,0.0431372549019607,1.0,0.0,11.0
25,25.0,0.0,53.0,0.0,0.0,0.0,1.0,-5.5,5.0
26,26.0,0.0,53.0,0.0,0.0,0.0,1.0,3.0,0.0
27,27.0,0.0,53.0,0.0235294117647058,0.0235294117647058,0.0235294117647058,1.0,6.0,-6.0
28,0.0,1.0,53.0,0.0588235294117647,0.0588235294117647,0.0588235294117647,1.0,-15.0,-3.0
29,1.0,1.0,53.0,0.0,0.0,0.0,1.0,-6.5,-1.5
30,2.0,1.0,53.0,0.0078431372549019,0.0078431372549019,0.0078431372549019,1.0,0.5,-8.0
31,3.0,1.0,53.0,0.0039215686274509,0.0039215686274509,0.0039215686274509,1.0,5.0,0.0
32,4.0,1.0,53.0,0.0470588235294117,0.0470588235294117,0.0470588235294117,1.0,-0.5,-8.0
33,5.0,1.0,53.0,0.0,0.0,0.0,1.0,-4.0,-8.5
34,6.0,1.0,53.0,0.0156862745098039,0.0156862745098039,0.0156862745098039,1.0,0.0,-4.5
35,7.0,1.0,53.0,0.0,0.0,0.0,1.0,-2.0,0.0
36,8.0,1.0,53.0,0.0,0.0,0.0,1.0,5.5,-3.5
37,9.0,1.0,53.0,0.0431372549019607,0.0431372549019607,0.0431372549019607,1.0,4.0,-4.5
38,10.0,1.0,53.0,0.0313725490196078,0.0313725490196078,0.0313725490196078,1.0,-2.5,-4.0
39,11.0,1.0,53.0,0.0235294117647058,0.0235294117647058,0.0235294117647058,1.0,-3.5,-6.5
40,12.0,1.0,53.0,0.0039215686274509,0.0039215686274509,0.0039215686274509,1.0,-0.5,0.5
41,13.0,1.0,53.0,0.0196078431372549,0.0196078431372549,0.0196078431372549,1.0,-0.5,0.0
42,14.0,1.0,53.0,0.0,0.0,0.0,1.0,-1.5,-2.5
43,15.0,1.0,53.0,0.0078431372549019,0.0078431372549019,0.0078431372549019,1.0,0.0,-3.5
44,16.0,1.0,53.0,0.0,0.0,0.0,1.0,-1.0,1.5
45,17.0,1.0,53.0,0.0,0.0,0.0,1.0,5.5,0.0
46,18.0,1.0,53.0,0.0431372549019607,0.0431372549019607,0.0431372549019607,1.0,0.0,0.0
47,19.0,1.0,53.0,0.0,0.0,0.0,1.0,-5.5,10.5
48,20.0,1.0,53.0,0.0,0.0,0.0,1.0,0.0,1.5
49,21.0,1.0,53.0,0.0,0.0,0.0,1.0,6.5,0.0
50,22.0,1.0,53.0,0.0509803921568627,0.0509803921568627,0.0509803921568627,1.0,1.0,1.5
51,23.0,1.0,53.0,0.0078431372549019,0.0078431372549019,0.0078431372549019,1.0,4.5,0.0
52,24.0,1.0,53.0,0.0862745098039215,0.0862745098039215,0.0862745098039215,1.0,1.5,-4.5
53,25.0,1.0,53.0,0.0196078431372549,0.0196078431372549,0.0196078431372549,1.0,-11.0,1.0
54,26.0,1.0,53.0,0.0,0.0,0.0,1.0,-2.5,0.0
55,27.0,1.0,53.0,0.0,0.0,0.0,1.0,0.0,-3.0
56,0.0,2.0,53.0,0.0117647058823529,0.0117647058823529,0.0117647058823529,1.0,-3.0,0.5
57,1.0,2.0,53.0,0.0,0.0,0.0,1.0,-1.5,0.0
58,2.0,2.0,53.0,0.0,0.0,0.0,1.0,0.0,0.0
59,3.0,2.0,53.0,0.0,0.0,0.0,1.0,0.0,-0.5
60,4.0,2.0,53.0,0.0,0.0,0.0,1.0,2.0,0.5
61,5.0,2.0,53.0,0.0156862745098039,0.0156862745098039,0.0156862745098039,1.0,0.0,0.0
62,6.0,2.0,53.0,0.0,0.0,0.0,1.0,-2.0,-1.5
63,7.0,2.0,53.0,0.0,0.0,0.0,1.0,2.5,2.0
64,8.0,2.0,53.0,0.0196078431372549,0.0196078431372549,0.0196078431372549,1.0,0.0,1.0
65,9.0,2.0,53.0,0.0,0.0,0.0,1.0,-0.5,-3.0
66,10.0,2.0,53.0,0.0156862745098039,0.0156862745098039,0.0156862745098039,1.0,0.0,-4.0
67,11.0,2.0,53.0,0.0,0.0,0.0,1.0,-1.5,-3.0
68,12.0,2.0,53.0,0.0039215686274509,0.0039215686274509,0.0039215686274509,1.0,0.0,-0.5
69,13.0,2.0,53.0,0.0,0.0,0.0,1.0,0.5,0.5
70,14.0,2.0,53.0,0.0078431372549019,0.0078431372549019,0.0078431372549019,1.0,6.5,0.0
71,15.0,2.0,53.0,0.0509803921568627,0.0509803921568627,0.0509803921568627,1.0,0.5,0.0
72,16.0,2.0,53.0,0.0117647058823529,0.0117647058823529,0.0117647058823529,1.0,-6.5,0.0
73,17.0,2.0,53.0,0.0,0.0,0.0,1.0,-1.5,0.0
74,18.0,2.0,53.0,0.0,0.0,0.0,1.0,11.0,-5.5
75,19.0,2.0,53.0,0.0862745098039215,0.0862745098039215,0.0862745098039215,1.0,1.5,7.5
76,20.0,2.0,53.0,0.0117647058823529,0.0117647058823529,0.0117647058823529,1.0,-11.0,0.0
77,21.0,2.0,53.0,0.0,0.0,0.0,1.0,0.0,4.0
78,22.0,2.0,53.0,0.0117647058823529,0.0117647058823529,0.0117647058823529,1.0,0.0,-6.5
79,23.0,2.0,53.0,0.0,0.0,0.0,1.0,-0.5,3.0
80,24.0,2.0,53.0,0.0078431372549019,0.0078431372549019,0.0078431372549019,1.0,1.0,-7.5
81,25.0,2.0,53.0,0.0078431372549019,0.0078431372549019,0.0078431372549019,1.0,-1.0,-2.5
82,26.0,2.0,53.0,0.0,0.0,0.0,1.0,-1.0,0.0
83,27.0,2.0,53.0,0.0,0.0,0.0,1.0,0.0,6.5
84,0.0,3.0,53.0,0.0627450980392156,0.0627450980392156,0.0627450980392156,1.0,-16.0,-1.5
85,1.0,3.0,53.0,0.0,0.0,0.0,1.0,-7.0,4.5
86,2.0,3.0,53.0,0.0078431372549019,0.0078431372549019,0.0078431372549019,1.0,0.0,0.0
87,3.0,3.0,53.0,0.0,0.0,0.0,1.0,5.5,4.0
88,4.0,3.0,53.0,0.0509803921568627,0.0509803921568627,0.0509803921568627,1.0,0.0,9.5
89,5.0,3.0,53.0,0.0,0.0,0.0,1.0,-6.0,2.0
90,6.0,3.0,53.0,0.0039215686274509,0.0039215686274509,0.0039215686274509,1.0,2.0,2.0
91,7.0,3.0,53.0,0.0156862745098039,0.0156862745098039,0.0156862745098039,1.0,0.5,0.0
92,8.0,3.0,53.0,0.0078431372549019,0.0078431372549019,0.0078431372549019,1.0,0.5,-2.5
93,9.0,3.0,53.0,0.0196078431372549,0.0196078431372549,0.0196078431372549,1.0,-1.0,0.0
94,10.0,3.0,53.0,0.0,0.0,0.0,1.0,-2.5,-2.0
95,11.0,3.0,53.0,0.0,0.0,0.0,1.0,0.0,1.5
96,12.0,3.0,53.0,0.0,0.0,0.0,1.0,3.0,10.5
97,13.0,3.0,53.0,0.0235294117647058,0.0235294117647058,0.0235294117647058,1.0,0.0,0.0
98,14.0,3.0,53.0,0.0,0.0,0.0,1.0,-2.0,-1.0
99,15.0,3.0,53.0,0.0078431372549019,0.0078431372549019,0.0078431372549019,1.0,0.0,-5.0
100,16.0,3.0,53.0,0.0,0.0,0.0,1.0,-1.0,3.0
101,17.0,3.0,53.0,0.0,0.0,0.0,1.0,0.0,5.5
102,18.0,3.0,53.0,0.0,0.0,0.0,1.0,7.5,0.0
103,19.0,3.0,53.0,0.0588235294117647,0.0588235294117647,0.0588235294117647,1.0,0.0,-11.0
104,20.0,3.0,53.0,0.0,0.0,0.0,1.0,-3.5,2.5
105,21.0,3.0,53.0,0.0313725490196078,0.0313725490196078,0.0313725490196078,1.0,0.0,0.0
106,22.0,3.0,53.0,0.0,0.0,0.0,1.0,0.0,2.5
107,23.0,3.0,53.0,0.0313725490196078,0.0313725490196078,0.0313725490196078,1.0,3.5,2.0
108,24.0,3.0,53.0,0.0274509803921568,0.0274509803921568,0.0274509803921568,1.0,-4.0,1.0
109,25.0,3.0,53.0,0.0,0.0,0.0,1.0,-3.5,8.0
110,26.0,3.0,53.0,0.0,0.0,0.0,1.0,6.5,5.5
111,27.0,3.0,53.0,0.0509803921568627,0.0509803921568627,0.0509803921568627,1.0,13.0,0.0
112,0.0,4.0,53.0,0.0,0.0,0.0,1.0,9.0,-0.5
113,1.0,4.0,53.0,0.0352941176470588,0.0352941176470588,0.0352941176470588,1.0,0.0,6.5
114,2.0,4.0,53.0,0.0,0.0,0.0,1.0,-0.5,-1.0
115,3.0,4.0,53.0,0.0313725490196078,0.0313725490196078,0.0313725490196078,1.0,9.5,0.0
116,4.0,4.0,53.0,0.0745098039215686,0.0745098039215686,0.0745098039215686,1.0,0.0,-6.5
117,5.0,4.0,53.0,0.0313725490196078,0.0313725490196078,0.0313725490196078,1.0,-7.5,6.5
118,6.0,4.0,53.0,0.0156862745098039,0.0156862745098039,0.0156862745098039,1.0,-4.0,-0.5
119,7.0,4.0,53.0,0.0,0.0,0.0,1.0,-2.0,-2.0
120,8.0,4.0,53.0,0.0,0.0,0.0,1.0,0.0,-1.0
121,9.0,4.0,53.0,0.0,0.0,0.0,1.0,0.0,1.0
122,10.0,4.0,53.0,0.0,0.0,0.0,1.0,1.5,76.5
123,11.0,4.0,53.0,0.0117647058823529,0.0117647058823529,0.0117647058823529,1.0,11.0,12.0
124,12.0,4.0,53.0,0.0862745098039215,0.0862745098039215,0.0862745098039215,1.0,-1.5,22.0
125,13.0,4.0,53.0,0.0,0.0,0.0,1.0,-11.0,-3.0
126,14.0,4.0,53.0,0.0,0.0,0.0,1.0,1.5,127.0
127,15.0,4.0,53.0,0.0117647058823529,0.0117647058823529,0.0117647058823529,1.0,4.5,-1.0
128,16.0,4.0,53.0,0.0352941176470588,0.0352941176470588,0.0352941176470588,1.0,4.0,0.0
129,17.0,4.0,53.0,0.0431372549019607,0.0431372549019607,0.0431372549019607,1.0,-4.5,1.5
130,18.0,4.0,53.0,0.0,0.0,0.0,1.0,-5.5,0.0
131,19.0,4.0,53.0,0.0,0.0,0.0,1.0,4.0,31.0
132,20.0,4.0,53.0,0.0313725490196078,0.0313725490196078,0.0313725490196078,1.0,0.0,1.0
133,21.0,4.0,53.0,0.0,0.0,0.0,1.0,0.0,-1.5
134,22.0,4.0,53.0,0.0313725490196078,0.0313725490196078,0.0313725490196078,1.0,2.0,2.5
135,23.0,4.0,53.0,0.0156862745098039,0.0156862745098039,0.0156862745098039,1.0,-2.0,-4.0
136,24.0,4.0,53.0,0.0156862745098039,0.0156862745098039,0.0156862745098039,1.0,7.0,-3.5
137,25.0,4.0,53.0,0.0705882352941176,0.0705882352941176,0.0705882352941176,1.0,3.5,0.5
138,26.0,4.0,53.0,0.0431372549019607,0.0431372549019607,0.0431372549019607,1.0,-9.0,0.0
139,27.0,4.0,53.0,0.0,0.0,0.0,1.0,-11.0,-6.5
140,0.0,5.0,53.0,0.0588235294117647,0.0588235294117647,0.0588235294117647,1.0,-2.0,0.0
141,1.0,5.0,53.0,0.0509803921568627,0.0509803921568627,0.0509803921568627,1.0,-7.5,-2.5
142,2.0,5.0,53.0,0.0,0.0,0.0,1.0,-6.5,0.0
143,3.0,5.0,53.0,0.0,0.0,0.0,1.0,0.0,-1.0
144,4.0,5.0,53.0,0.0,0.0,0.0,1.0,6.5,-9.5
145,5.0,5.0,53.0,0.0509803921568627,0.0509803921568627,0.0509803921568627,1.0,0.0,90.5
146,6.0,5.0,53.0,0.0,0.0,0.0,1.0,-6.5,-2.0
147,7.0,5.0,53.0,0.0,0.0,0.0,1.0,0.0,6.0
148,8.0,5.0,53.0,0.0,0.0,0.0,1.0,3.5,2.0
149,9.0,5.0,53.0,0.0274509803921568,0.0274509803921568,0.0274509803921568,1.0,76.5,0.0
150,10.0,5.0,53.0,0.6,0.6,0.6,1.0,8.5,0.0
151,11.0,5.0,53.0,0.0941176470588235,0.0941176470588235,0.0941176470588235,1.0,-54.5,2.5
152,12.0,5.0,53.0,0.1725490196078431,0.1725490196078431,0.1725490196078431,1.0,-12.0,-7.0
153,13.0,5.0,53.0,0.0,0.0,0.0,1.0,105.0,91.5
154,14.0,5.0,53.0,0.996078431372549,0.996078431372549,0.996078431372549,1.0,0.0,0.5
155,15.0,5.0,53.0,0.0,0.0,0.0,1.0,-127.0,-1.5
156,16.0,5.0,53.0,0.0,0.0,0.0,1.0,1.5,-4.5
157,17.0,5.0,53.0,0.0117647058823529,0.0117647058823529,0.0117647058823529,1.0,0.0,-5.5
158,18.0,5.0,53.0,0.0,0.0,0.0,1.0,37.0,0.0
159,19.0,5.0,53.0,0.3019607843137254,0.3019607843137254,0.3019607843137254,1.0,1.0,0.0
160,20.0,5.0,53.0,0.0078431372549019,0.0078431372549019,0.0078431372549019,1.0,-36.0,123.0
161,21.0,5.0,53.0,0.0196078431372549,0.0196078431372549,0.0196078431372549,1.0,1.5,8.5
162,22.0,5.0,53.0,0.0196078431372549,0.0196078431372549,0.0196078431372549,1.0,-2.5,81.5
163,23.0,5.0,53.0,0.0,0.0,0.0,1.0,-2.5,-2.0
164,24.0,5.0,53.0,0.0,0.0,0.0,1.0,0.5,7.5
165,25.0,5.0,53.0,0.0039215686274509,0.0039215686274509,0.0039215686274509,1.0,0.0,-7.0
166,26.0,5.0,53.0,0.0,0.0,0.0,1.0,-0.5,-5.5
167,27.0,5.0,53.0,0.0,0.0,0.0,1.0,0.0,5.0
168,0.0,6.0,53.0,0.0,0.0,0.0,1.0,4.0,-7.5
169,1.0,6.0,53.0,0.0156862745098039,0.0156862745098039,0.0156862745098039,1.0,0.0,-6.5
170,2.0,6.0,53.0,0.0,0.0,0.0,1.0,1.0,3.0
171,3.0,6.0,53.0,0.0235294117647058,0.0235294117647058,0.0235294117647058,1.0,0.0,0.0
172,4.0,6.0,53.0,0.0,0.0,0.0,1.0,91.5,0.0
173,5.0,6.0,53.0,0.7411764705882353,0.7411764705882353,0.7411764705882353,1.0,0.0,0.0
174,6.0,6.0,53.0,0.0,0.0,0.0,1.0,-88.5,0.0
175,7.0,6.0,53.0,0.0470588235294117,0.0470588235294117,0.0470588235294117,1.0,2.0,0.0
176,8.0,6.0,53.0,0.0156862745098039,0.0156862745098039,0.0156862745098039,1.0,-6.0,0.0
177,9.0,6.0,53.0,0.0,0.0,0.0,1.0,-2.0,66.5
178,10.0,6.0,53.0,0.0,0.0,0.0,1.0,4.0,-70.0
179,11.0,6.0,53.0,0.0313725490196078,0.0313725490196078,0.0313725490196078,1.0,4.0,-12.0
180,12.0,6.0,53.0,0.0313725490196078,0.0313725490196078,0.0313725490196078,1.0,87.5,-22.0
181,13.0,6.0,53.0,0.7176470588235294,0.7176470588235294,0.7176470588235294,1.0,-3.5,2.5
182,14.0,6.0,53.0,0.0039215686274509,0.0039215686274509,0.0039215686274509,1.0,-91.5,-127.0
183,15.0,6.0,53.0,0.0,0.0,0.0,1.0,-0.5,46.5
184,16.0,6.0,53.0,0.0,0.0,0.0,1.0,0.0,4.0
185,17.0,6.0,53.0,0.0,0.0,0.0,1.0,0.0,122.0
186,18.0,6.0,53.0,0.0,0.0,0.0,1.0,0.0,28.5
187,19.0,6.0,53.0,0.0,0.0,0.0,1.0,127.0,49.5
188,20.0,6.0,53.0,0.996078431372549,0.996078431372549,0.996078431372549,1.0,8.5,-1.0
189,21.0,6.0,53.0,0.0666666666666666,0.0666666666666666,0.0666666666666666,1.0,-41.5,-2.5
190,22.0,6.0,53.0,0.6705882352941176,0.6705882352941176,0.6705882352941176,1.0,-8.5,-2.0
191,23.0,6.0,53.0,0.0,0.0,0.0,1.0,-76.0,0.0
192,24.0,6.0,53.0,0.0745098039215686,0.0745098039215686,0.0745098039215686,1.0,2.0,10.5
193,25.0,6.0,53.0,0.0156862745098039,0.0156862745098039,0.0156862745098039,1.0,-9.5,-0.5
194,26.0,6.0,53.0,0.0,0.0,0.0,1.0,3.0,0.0
195,27.0,6.0,53.0,0.0392156862745098,0.0392156862745098,0.0392156862745098,1.0,10.0,2.0
196,0.0,7.0,53.0,0.0,0.0,0.0,1.0,0.0,8.5
197,1.0,7.0,53.0,0.0,0.0,0.0,1.0,3.0,-2.0
198,2.0,7.0,53.0,0.0235294117647058,0.0235294117647058,0.0235294117647058,1.0,0.0,2.5
199,3.0,7.0,53.0,0.0,0.0,0.0,1.0,-3.0,-0.5
200,4.0,7.0,53.0,0.0,0.0,0.0,1.0,6.5,0.0
201,5.0,7.0,53.0,0.0509803921568627,0.0509803921568627,0.0509803921568627,1.0,0.0,-93.0
202,6.0,7.0,53.0,0.0,0.0,0.0,1.0,-6.5,0.5
203,7.0,7.0,53.0,0.0,0.0,0.0,1.0,0.0,-6.0
204,8.0,7.0,53.0,0.0,0.0,0.0,1.0,70.0,-2.0
205,9.0,7.0,53.0,0.5490196078431373,0.5490196078431373,0.5490196078431373,1.0,6.5,1.5
206,10.0,7.0,53.0,0.0509803921568627,0.0509803921568627,0.0509803921568627,1.0,-70.0,4.5
207,11.0,7.0,53.0,0.0,0.0,0.0,1.0,-6.5,0.0
208,12.0,7.0,53.0,0.0,0.0,0.0,1.0,2.5,-4.0
209,13.0,7.0,53.0,0.0196078431372549,0.0196078431372549,0.0196078431372549,1.0,0.0,-84.5
210,14.0,7.0,53.0,0.0,0.0,0.0,1.0,44.0,-0.5
211,15.0,7.0,53.0,0.3647058823529411,0.3647058823529411,0.3647058823529411,1.0,4.0,100.0
212,16.0,7.0,53.0,0.0313725490196078,0.0313725490196078,0.0313725490196078,1.0,77.0,5.0
213,17.0,7.0,53.0,0.9686274509803922,0.9686274509803922,0.9686274509803922,1.0,24.5,2.0
214,18.0,7.0,53.0,0.2235294117647059,0.2235294117647059,0.2235294117647059,1.0,-35.5,0.0
215,19.0,7.0,53.0,0.6901960784313725,0.6901960784313725,0.6901960784313725,1.0,-28.5,6.5
216,20.0,7.0,53.0,0.0,0.0,0.0,1.0,-88.0,-124.5
217,21.0,7.0,53.0,0.0,0.0,0.0,1.0,0.5,-4.0
218,22.0,7.0,53.0,0.0039215686274509,0.0039215686274509,0.0039215686274509,1.0,0.0,-85.5
219,23.0,7.0,53.0,0.0,0.0,0.0,1.0,10.0,0.0
220,24.0,7.0,53.0,0.0823529411764705,0.0823529411764705,0.0823529411764705,1.0,0.0,-9.5
221,25.0,7.0,53.0,0.0,0.0,0.0,1.0,-10.5,-2.0
222,26.0,7.0,53.0,0.0,0.0,0.0,1.0,2.0,0.5
223,27.0,7.0,53.0,0.0156862745098039,0.0156862745098039,0.0156862745098039,1.0,4.0,-0.5
224,0.0,8.0,53.0,0.0666666666666666,0.0666666666666666,0.0666666666666666,1.0,-17.0,3.0
225,1.0,8.0,53.0,0.0,0.0,0.0,1.0,-6.0,0.0
226,2.0,8.0,53.0,0.0196078431372549,0.0196078431372549,0.0196078431372549,1.0,2.5,2.0
227,3.0,8.0,53.0,0.0196078431372549,0.0196078431372549,0.0196078431372549,1.0,-2.5,7.0
228,4.0,8.0,53.0,0.0,0.0,0.0,1.0,-1.0,5.5
229,5.0,8.0,53.0,0.0117647058823529,0.0117647058823529,0.0117647058823529,1.0,0.5,-3.5
230,6.0,8.0,53.0,0.0039215686274509,0.0039215686274509,0.0039215686274509,1.0,-1.5,0.0
231,7.0,8.0,53.0,0.0,0.0,0.0,1.0,-0.5,7.5
232,8.0,8.0,53.0,0.0,0.0,0.0,1.0,1.5,2.5
233,9.0,8.0,53.0,0.0117647058823529,0.0117647058823529,0.0117647058823529,1.0,4.5,-70.0
234,10.0,8.0,53.0,0.0352941176470588,0.0352941176470588,0.0352941176470588,1.0,2.5,34.5
235,11.0,8.0,53.0,0.0313725490196078,0.0313725490196078,0.0313725490196078,1.0,-4.5,0.0
236,12.0,8.0,53.0,0.0,0.0,0.0,1.0,3.0,1.5
237,13.0,8.0,53.0,0.0549019607843137,0.0549019607843137,0.0549019607843137,1.0,0.0,-2.5
238,14.0,8.0,53.0,0.0,0.0,0.0,1.0,93.0,127.5
239,15.0,8.0,53.0,0.7843137254901961,0.7843137254901961,0.7843137254901961,1.0,5.0,-40.0
240,16.0,8.0,53.0,0.0392156862745098,0.0392156862745098,0.0392156862745098,1.0,-98.0,-4.0
241,17.0,8.0,53.0,0.0156862745098039,0.0156862745098039,0.0156862745098039,1.0,-5.0,-123.5
242,18.0,8.0,53.0,0.0,0.0,0.0,1.0,4.5,95.5
243,19.0,8.0,53.0,0.0509803921568627,0.0509803921568627,0.0509803921568627,1.0,2.5,-63.0
244,20.0,8.0,53.0,0.0196078431372549,0.0196078431372549,0.0196078431372549,1.0,-2.0,49.5
245,21.0,8.0,53.0,0.0352941176470588,0.0352941176470588,0.0352941176470588,1.0,-2.5,0.0
246,22.0,8.0,53.0,0.0,0.0,0.0,1.0,-4.5,-0.5
247,23.0,8.0,53.0,0.0,0.0,0.0,1.0,0.0,0.0
248,24.0,8.0,53.0,0.0,0.0,0.0,1.0,0.0,-10.5
249,25.0,8.0,53.0,0.0,0.0,0.0,1.0,0.5,4.0
250,26.0,8.0,53.0,0.0039215686274509,0.0039215686274509,0.0039215686274509,1.0,4.5,0.0
251,27.0,8.0,53.0,0.0352941176470588,0.0352941176470588,0.0352941176470588,1.0,8.0,1.0
252,0.0,9.0,53.0,0.0235294117647058,0.0235294117647058,0.0235294117647058,1.0,-6.0,0.0
253,1.0,9.0,53.0,0.0,0.0,0.0,1.0,2.0,2.5
254,2.0,9.0,53.0,0.0392156862745098,0.0392156862745098,0.0392156862745098,1.0,7.0,-2.5
255,3.0,9.0,53.0,0.0549019607843137,0.0549019607843137,0.0549019607843137,1.0,0.5,-2.5
256,4.0,9.0,53.0,0.0431372549019607,0.0431372549019607,0.0431372549019607,1.0,-4.0,1.0
257,5.0,9.0,53.0,0.0235294117647058,0.0235294117647058,0.0235294117647058,1.0,-5.5,126.0
258,6.0,9.0,53.0,0.0,0.0,0.0,1.0,4.5,2.5
259,7.0,9.0,53.0,0.0588235294117647,0.0588235294117647,0.0588235294117647,1.0,2.5,6.5
260,8.0,9.0,53.0,0.0196078431372549,0.0196078431372549,0.0196078431372549,1.0,-7.5,0.0
261,9.0,9.0,53.0,0.0,0.0,0.0,1.0,38.5,4.5
262,10.0,9.0,53.0,0.3215686274509804,0.3215686274509804,0.3215686274509804,1.0,0.0,-1.0
263,11.0,9.0,53.0,0.0,0.0,0.0,1.0,-39.5,-4.0
264,12.0,9.0,53.0,0.0117647058823529,0.0117647058823529,0.0117647058823529,1.0,0.0,4.5
265,13.0,9.0,53.0,0.0,0.0,0.0,1.0,126.0,-7.0
266,14.0,9.0,53.0,1.0,1.0,1.0,1.0,6.5,59.5
267,15.0,9.0,53.0,0.0509803921568627,0.0509803921568627,0.0509803921568627,1.0,-127.5,24.0
268,16.0,9.0,53.0,0.0,0.0,0.0,1.0,-6.5,43.0
269,17.0,9.0,53.0,0.0,0.0,0.0,1.0,124.0,-2.0
270,18.0,9.0,53.0,0.9725490196078432,0.9725490196078432,0.9725490196078432,1.0,25.0,119.5
271,19.0,9.0,53.0,0.196078431372549,0.196078431372549,0.196078431372549,1.0,-74.5,109.5
272,20.0,9.0,53.0,0.388235294117647,0.388235294117647,0.388235294117647,1.0,-25.0,-2.5
273,21.0,9.0,53.0,0.0,0.0,0.0,1.0,-49.5,50.5
274,22.0,9.0,53.0,0.0,0.0,0.0,1.0,0.0,58.5
275,23.0,9.0,53.0,0.0,0.0,0.0,1.0,0.0,0.0
276,24.0,9.0,53.0,0.0,0.0,0.0,1.0,4.0,2.5
277,25.0,9.0,53.0,0.0313725490196078,0.0313725490196078,0.0313725490196078,1.0,0.0,0.0
278,26.0,9.0,53.0,0.0,0.0,0.0,1.0,-1.0,2.0
279,27.0,9.0,53.0,0.0235294117647058,0.0235294117647058,0.0235294117647058,1.0,6.0,-2.5
280,0.0,10.0,53.0,0.0666666666666666,0.0666666666666666,0.0666666666666666,1.0,-12.0,-3.0
281,1.0,10.0,53.0,0.0196078431372549,0.0196078431372549,0.0196078431372549,1.0,-8.5,1.5
282,2.0,10.0,53.0,0.0,0.0,0.0,1.0,-2.5,-2.0
283,3.0,10.0,53.0,0.0,0.0,0.0,1.0,1.0,-4.5
284,4.0,10.0,53.0,0.0078431372549019,0.0078431372549019,0.0078431372549019,1.0,127.5,-5.5
285,5.0,10.0,53.0,1.0,1.0,1.0,1.0,2.0,-3.0
286,6.0,10.0,53.0,0.0235294117647058,0.0235294117647058,0.0235294117647058,1.0,-121.0,85.0
287,7.0,10.0,53.0,0.0509803921568627,0.0509803921568627,0.0509803921568627,1.0,-3.0,-7.5
288,8.0,10.0,53.0,0.0,0.0,0.0,1.0,-0.5,-2.0
289,9.0,10.0,53.0,0.0470588235294117,0.0470588235294117,0.0470588235294117,1.0,3.5,1.0
290,10.0,10.0,53.0,0.0274509803921568,0.0274509803921568,0.0274509803921568,1.0,-6.0,-40.0
291,11.0,10.0,53.0,0.0,0.0,0.0,1.0,1.0,0.0
292,12.0,10.0,53.0,0.0352941176470588,0.0352941176470588,0.0352941176470588,1.0,0.0,4.5
293,13.0,10.0,53.0,0.0,0.0,0.0,1.0,55.0,0.0
294,14.0,10.0,53.0,0.4666666666666667,0.4666666666666667,0.4666666666666667,1.0,124.0,-127.5
295,15.0,10.0,53.0,0.9725490196078432,0.9725490196078432,0.9725490196078432,1.0,-11.5,17.0
296,16.0,10.0,53.0,0.3764705882352941,0.3764705882352941,0.3764705882352941,1.0,-124.0,88.0
297,17.0,10.0,53.0,0.0,0.0,0.0,1.0,71.5,66.5
298,18.0,10.0,53.0,0.9372549019607844,0.9372549019607844,0.9372549019607844,1.0,116.0,-123.5
299,19.0,10.0,53.0,0.9098039215686274,0.9098039215686274,0.9098039215686274,1.0,-119.5,83.0
300,20.0,10.0,53.0,0.0,0.0,0.0,1.0,-61.0,-46.5
301,21.0,10.0,53.0,0.4313725490196078,0.4313725490196078,0.4313725490196078,1.0,58.5,6.0
302,22.0,10.0,53.0,0.4588235294117647,0.4588235294117647,0.4588235294117647,1.0,-55.0,2.0
303,23.0,10.0,53.0,0.0,0.0,0.0,1.0,-56.0,2.5
304,24.0,10.0,53.0,0.0196078431372549,0.0196078431372549,0.0196078431372549,1.0,0.0,0.0
305,25.0,10.0,53.0,0.0,0.0,0.0,1.0,0.0,-4.0
306,26.0,10.0,53.0,0.0196078431372549,0.0196078431372549,0.0196078431372549,1.0,2.0,0.5
307,27.0,10.0,53.0,0.0156862745098039,0.0156862745098039,0.0156862745098039,1.0,-1.0,-3.0
308,0.0,11.0,53.0,0.0,0.0,0.0,1.0,3.0,-8.5
309,1.0,11.0,53.0,0.0117647058823529,0.0117647058823529,0.0117647058823529,1.0,3.0,-2.5
310,2.0,11.0,53.0,0.0235294117647058,0.0235294117647058,0.0235294117647058,1.0,1.0,10.0
311,3.0,11.0,53.0,0.0196078431372549,0.0196078431372549,0.0196078431372549,1.0,-3.0,0.0
312,4.0,11.0,53.0,0.0,0.0,0.0,1.0,-2.5,2.0
313,5.0,11.0,53.0,0.0,0.0,0.0,1.0,85.0,-67.5
314,6.0,11.0,53.0,0.6666666666666666,0.6666666666666666,0.6666666666666666,1.0,0.0,-2.5
315,7.0,11.0,53.0,0.0,0.0,0.0,1.0,-84.5,-1.0
316,8.0,11.0,53.0,0.0039215686274509,0.0039215686274509,0.0039215686274509,1.0,1.0,0.0
317,9.0,11.0,53.0,0.0078431372549019,0.0078431372549019,0.0078431372549019,1.0,0.5,-5.0
318,10.0,11.0,53.0,0.0078431372549019,0.0078431372549019,0.0078431372549019,1.0,-1.0,-3.5
319,11.0,11.0,53.0,0.0,0.0,0.0,1.0,5.0,124.5
320,12.0,11.0,53.0,0.0470588235294117,0.0470588235294117,0.0470588235294117,1.0,0.0,97.0
321,13.0,11.0,53.0,0.0,0.0,0.0,1.0,-6.0,22.0
322,14.0,11.0,53.0,0.0,0.0,0.0,1.0,23.5,11.0
323,15.0,11.0,53.0,0.1843137254901961,0.1843137254901961,0.1843137254901961,1.0,88.0,-124.0
324,16.0,11.0,53.0,0.6901960784313725,0.6901960784313725,0.6901960784313725,1.0,43.0,-48.0
325,17.0,11.0,53.0,0.5215686274509804,0.5215686274509804,0.5215686274509804,1.0,-87.5,67.0
326,18.0,11.0,53.0,0.0039215686274509,0.0039215686274509,0.0039215686274509,1.0,41.5,-116.5
327,19.0,11.0,53.0,0.8470588235294118,0.8470588235294118,0.8470588235294118,1.0,2.5,-109.5
328,20.0,11.0,53.0,0.0235294117647058,0.0235294117647058,0.0235294117647058,1.0,-102.0,47.0
329,21.0,11.0,53.0,0.0470588235294117,0.0470588235294117,0.0470588235294117,1.0,-1.0,-31.0
330,22.0,11.0,53.0,0.0156862745098039,0.0156862745098039,0.0156862745098039,1.0,-3.5,-57.0
331,23.0,11.0,53.0,0.0196078431372549,0.0196078431372549,0.0196078431372549,1.0,-2.0,2.0
332,24.0,11.0,53.0,0.0,0.0,0.0,1.0,-2.5,-2.5
333,25.0,11.0,53.0,0.0,0.0,0.0,1.0,0.5,0.0
334,26.0,11.0,53.0,0.0039215686274509,0.0039215686274509,0.0039215686274509,1.0,0.0,-2.5
335,27.0,11.0,53.0,0.0,0.0,0.0,1.0,-1.0,-2.0
336,0.0,12.0,53.0,0.0,0.0,0.0,1.0,0.0,11.5
337,1.0,12.0,53.0,0.0,0.0,0.0,1.0,10.0,-1.5
338,2.0,12.0,53.0,0.0784313725490196,0.0784313725490196,0.0784313725490196,1.0,0.0,-3.0
339,3.0,12.0,53.0,0.0,0.0,0.0,1.0,-7.0,4.5
340,4.0,12.0,53.0,0.0235294117647058,0.0235294117647058,0.0235294117647058,1.0,60.0,0.0
341,5.0,12.0,53.0,0.4705882352941176,0.4705882352941176,0.4705882352941176,1.0,-2.5,7.0
342,6.0,12.0,53.0,0.0039215686274509,0.0039215686274509,0.0039215686274509,1.0,-54.5,-41.5
343,7.0,12.0,53.0,0.0431372549019607,0.0431372549019607,0.0431372549019607,1.0,-0.5,0.0
344,8.0,12.0,53.0,0.0,0.0,0.0,1.0,-4.5,-0.5
345,9.0,12.0,53.0,0.0078431372549019,0.0078431372549019,0.0078431372549019,1.0,0.0,-1.0
346,10.0,12.0,53.0,0.0,0.0,0.0,1.0,123.5,-1.0
347,11.0,12.0,53.0,0.976470588235294,0.976470588235294,0.976470588235294,1.0,101.5,0.5
348,12.0,12.0,53.0,0.796078431372549,0.796078431372549,0.796078431372549,1.0,-102.5,1.0
349,13.0,12.0,53.0,0.1725490196078431,0.1725490196078431,0.1725490196078431,1.0,-31.0,1.5
350,14.0,12.0,53.0,0.5529411764705883,0.5529411764705883,0.5529411764705883,1.0,-22.0,90.0
351,15.0,12.0,53.0,0.0,0.0,0.0,1.0,-70.5,-22.5
352,16.0,12.0,53.0,0.0,0.0,0.0,1.0,67.0,-83.5
353,17.0,12.0,53.0,0.5254901960784314,0.5254901960784314,0.5254901960784314,1.0,3.0,18.0
354,18.0,12.0,53.0,0.0235294117647058,0.0235294117647058,0.0235294117647058,1.0,-60.5,71.0
355,19.0,12.0,53.0,0.0509803921568627,0.0509803921568627,0.0509803921568627,1.0,44.0,-108.0
356,20.0,12.0,53.0,0.3686274509803922,0.3686274509803922,0.3686274509803922,1.0,17.5,53.5
357,21.0,12.0,53.0,0.188235294117647,0.188235294117647,0.188235294117647,1.0,-45.5,-0.5
358,22.0,12.0,53.0,0.0117647058823529,0.0117647058823529,0.0117647058823529,1.0,-22.0,58.0
359,23.0,12.0,53.0,0.0156862745098039,0.0156862745098039,0.0156862745098039,1.0,-1.5,-2.5
360,24.0,12.0,53.0,0.0,0.0,0.0,1.0,-2.0,0.0
361,25.0,12.0,53.0,0.0,0.0,0.0,1.0,0.0,6.5
362,26.0,12.0,53.0,0.0,0.0,0.0,1.0,0.0,1.5
363,27.0,12.0,53.0,0.0,0.0,0.0,1.0,0.0,0.5
364,0.0,13.0,53.0,0.0901960784313725,0.0901960784313725,0.0901960784313725,1.0,-23.0,0.0
365,1.0,13.0,53.0,0.0,0.0,0.0,1.0,-11.5,0.0
366,2.0,13.0,53.0,0.0,0.0,0.0,1.0,7.0,-6.0
367,3.0,13.0,53.0,0.0549019607843137,0.0549019607843137,0.0549019607843137,1.0,0.0,0.0
368,4.0,13.0,53.0,0.0,0.0,0.0,1.0,0.0,-1.0
369,5.0,13.0,53.0,0.0549019607843137,0.0549019607843137,0.0549019607843137,1.0,43.5,-49.5
370,6.0,13.0,53.0,0.3411764705882353,0.3411764705882353,0.3411764705882353,1.0,-7.0,-0.5
371,7.0,13.0,53.0,0.0,0.0,0.0,1.0,-43.5,-2.5
372,8.0,13.0,53.0,0.0,0.0,0.0,1.0,0.0,1.5
373,9.0,13.0,53.0,0.0,0.0,0.0,1.0,0.0,-0.5
374,10.0,13.0,53.0,0.0,0.0,0.0,1.0,0.5,0.0
375,11.0,13.0,53.0,0.0039215686274509,0.0039215686274509,0.0039215686274509,1.0,7.0,-124.5
376,12.0,13.0,53.0,0.0549019607843137,0.0549019607843137,0.0549019607843137,1.0,1.0,-97.0
377,13.0,13.0,53.0,0.0117647058823529,0.0117647058823529,0.0117647058823529,1.0,83.0,-20.5
378,14.0,13.0,53.0,0.7058823529411765,0.7058823529411765,0.7058823529411765,1.0,-0.5,-69.0
379,15.0,13.0,53.0,0.0078431372549019,0.0078431372549019,0.0078431372549019,1.0,-85.5,0.0
380,16.0,13.0,53.0,0.0352941176470588,0.0352941176470588,0.0352941176470588,1.0,83.5,65.5
381,17.0,13.0,53.0,0.6627450980392157,0.6627450980392157,0.6627450980392157,1.0,67.0,-67.0
382,18.0,13.0,53.0,0.5607843137254902,0.5607843137254902,0.5607843137254902,1.0,-84.5,3.5
383,19.0,13.0,53.0,0.0,0.0,0.0,1.0,-15.0,-6.5
384,20.0,13.0,53.0,0.4431372549019607,0.4431372549019607,0.4431372549019607,1.0,5.5,-41.5
385,21.0,13.0,53.0,0.0431372549019607,0.0431372549019607,0.0431372549019607,1.0,3.5,-24.0
386,22.0,13.0,53.0,0.4705882352941176,0.4705882352941176,0.4705882352941176,1.0,-5.5,10.5
387,23.0,13.0,53.0,0.0,0.0,0.0,1.0,-60.0,-2.0
388,24.0,13.0,53.0,0.0,0.0,0.0,1.0,6.5,0.0
389,25.0,13.0,53.0,0.0509803921568627,0.0509803921568627,0.0509803921568627,1.0,2.0,0.0
390,26.0,13.0,53.0,0.0156862745098039,0.0156862745098039,0.0156862745098039,1.0,-6.0,0.0
391,27.0,13.0,53.0,0.0039215686274509,0.0039215686274509,0.0039215686274509,1.0,-3.0,0.0
392,0.0,14.0,53.0,0.0,0.0,0.0,1.0,0.0,-4.5
393,1.0,14.0,53.0,0.0,0.0,0.0,1.0,4.0,0.0
394,2.0,14.0,53.0,0.0313725490196078,0.0313725490196078,0.0313725490196078,1.0,0.0,1.0
395,3.0,14.0,53.0,0.0,0.0,0.0,1.0,-2.0,-7.0
396,4.0,14.0,53.0,0.0156862745098039,0.0156862745098039,0.0156862745098039,1.0,10.5,6.0
397,5.0,14.0,53.0,0.0823529411764705,0.0823529411764705,0.0823529411764705,1.0,-2.0,-3.5
398,6.0,14.0,53.0,0.0,0.0,0.0,1.0,-7.5,-40.0
399,7.0,14.0,53.0,0.0235294117647058,0.0235294117647058,0.0235294117647058,1.0,1.5,0.0
400,8.0,14.0,53.0,0.0117647058823529,0.0117647058823529,0.0117647058823529,1.0,-2.5,0.0
401,9.0,14.0,53.0,0.0039215686274509,0.0039215686274509,0.0039215686274509,1.0,-1.5,7.0
402,10.0,14.0,53.0,0.0,0.0,0.0,1.0,-0.5,87.0
403,11.0,14.0,53.0,0.0,0.0,0.0,1.0,4.5,2.5
404,12.0,14.0,53.0,0.0352941176470588,0.0352941176470588,0.0352941176470588,1.0,1.5,-2.5
405,13.0,14.0,53.0,0.0117647058823529,0.0117647058823529,0.0117647058823529,1.0,-3.0,101.0
406,14.0,14.0,53.0,0.0117647058823529,0.0117647058823529,0.0117647058823529,1.0,-1.5,-90.0
407,15.0,14.0,53.0,0.0,0.0,0.0,1.0,64.0,-1.0
408,16.0,14.0,53.0,0.5137254901960784,0.5137254901960784,0.5137254901960784,1.0,0.0,53.0
409,17.0,14.0,53.0,0.0,0.0,0.0,1.0,-59.0,-64.5
410,18.0,14.0,53.0,0.0509803921568627,0.0509803921568627,0.0509803921568627,1.0,0.0,-71.5
411,19.0,14.0,53.0,0.0,0.0,0.0,1.0,-1.0,5.0
412,20.0,14.0,53.0,0.0431372549019607,0.0431372549019607,0.0431372549019607,1.0,0.0,-56.5
413,21.0,14.0,53.0,0.0,0.0,0.0,1.0,6.5,-1.0
414,22.0,14.0,53.0,0.0941176470588235,0.0941176470588235,0.0941176470588235,1.0,0.0,-55.0
415,23.0,14.0,53.0,0.0,0.0,0.0,1.0,-12.0,0.0
416,24.0,14.0,53.0,0.0,0.0,0.0,1.0,0.0,2.5
417,25.0,14.0,53.0,0.0,0.0,0.0,1.0,0.0,-6.5
418,26.0,14.0,53.0,0.0,0.0,0.0,1.0,0.0,1.0
419,27.0,14.0,53.0,0.0,0.0,0.0,1.0,0.0,0.5
420,0.0,15.0,53.0,0.0549019607843137,0.0549019607843137,0.0549019607843137,1.0,-14.0,0.0
421,1.0,15.0,53.0,0.0,0.0,0.0,1.0,-6.0,0.0
422,2.0,15.0,53.0,0.0078431372549019,0.0078431372549019,0.0078431372549019,1.0,0.0,-4.0
423,3.0,15.0,53.0,0.0,0.0,0.0,1.0,5.0,3.5
424,4.0,15.0,53.0,0.0470588235294117,0.0470588235294117,0.0470588235294117,1.0,3.5,-1.5
425,5.0,15.0,53.0,0.0274509803921568,0.0274509803921568,0.0274509803921568,1.0,-2.5,97.5
426,6.0,15.0,53.0,0.0274509803921568,0.0274509803921568,0.0274509803921568,1.0,-3.5,2.5
427,7.0,15.0,53.0,0.0,0.0,0.0,1.0,-3.5,0.0
428,8.0,15.0,53.0,0.0,0.0,0.0,1.0,7.0,-1.5
429,9.0,15.0,53.0,0.0549019607843137,0.0549019607843137,0.0549019607843137,1.0,87.0,123.0
430,10.0,15.0,53.0,0.6823529411764706,0.6823529411764706,0.6823529411764706,1.0,-4.0,0.0
431,11.0,15.0,53.0,0.0235294117647058,0.0235294117647058,0.0235294117647058,1.0,-82.5,0.0
432,12.0,15.0,53.0,0.0352941176470588,0.0352941176470588,0.0352941176470588,1.0,99.5,71.0
433,13.0,15.0,53.0,0.803921568627451,0.803921568627451,0.803921568627451,1.0,-4.5,-1.5
434,14.0,15.0,53.0,0.0,0.0,0.0,1.0,-102.5,-1.5
435,15.0,15.0,53.0,0.0,0.0,0.0,1.0,57.5,2.5
436,16.0,15.0,53.0,0.4509803921568627,0.4509803921568627,0.4509803921568627,1.0,20.0,-65.0
437,17.0,15.0,53.0,0.1568627450980392,0.1568627450980392,0.1568627450980392,1.0,-57.5,108.5
438,18.0,15.0,53.0,0.0,0.0,0.0,1.0,-15.0,6.0
439,19.0,15.0,53.0,0.0392156862745098,0.0392156862745098,0.0392156862745098,1.0,0.0,35.0
440,20.0,15.0,53.0,0.0,0.0,0.0,1.0,-0.5,-2.5
441,21.0,15.0,53.0,0.0352941176470588,0.0352941176470588,0.0352941176470588,1.0,5.0,1.0
442,22.0,15.0,53.0,0.0392156862745098,0.0392156862745098,0.0392156862745098,1.0,-4.5,44.0
443,23.0,15.0,53.0,0.0,0.0,0.0,1.0,-2.5,1.0
444,24.0,15.0,53.0,0.0196078431372549,0.0196078431372549,0.0196078431372549,1.0,0.0,1.0
445,25.0,15.0,53.0,0.0,0.0,0.0,1.0,0.5,6.5
446,26.0,15.0,53.0,0.0235294117647058,0.0235294117647058,0.0235294117647058,1.0,1.0,0.0
447,27.0,15.0,53.0,0.0078431372549019,0.0078431372549019,0.0078431372549019,1.0,-4.0,0.0
448,0.0,16.0,53.0,0.0,0.0,0.0,1.0,0.0,-7.0
449,1.0,16.0,53.0,0.0,0.0,0.0,1.0,0.0,1.0
450,2.0,16.0,53.0,0.0,0.0,0.0,1.0,3.5,4.0
451,3.0,16.0,53.0,0.0274509803921568,0.0274509803921568,0.0274509803921568,1.0,0.5,0.0
452,4.0,16.0,53.0,0.0039215686274509,0.0039215686274509,0.0039215686274509,1.0,104.5,-4.0
453,5.0,16.0,53.0,0.8470588235294118,0.8470588235294118,0.8470588235294118,1.0,2.0,3.0
454,6.0,16.0,53.0,0.0196078431372549,0.0196078431372549,0.0196078431372549,1.0,-105.0,3.0
455,7.0,16.0,53.0,0.0235294117647058,0.0235294117647058,0.0235294117647058,1.0,-2.5,10.0
456,8.0,16.0,53.0,0.0,0.0,0.0,1.0,120.5,10.0
457,9.0,16.0,53.0,0.9686274509803922,0.9686274509803922,0.9686274509803922,1.0,0.0,78.0
458,10.0,16.0,53.0,0.0,0.0,0.0,1.0,-123.5,-22.5
459,11.0,16.0,53.0,0.0,0.0,0.0,1.0,75.5,-3.0
460,12.0,16.0,53.0,0.592156862745098,0.592156862745098,0.592156862745098,1.0,0.0,-4.5
461,13.0,16.0,53.0,0.0,0.0,0.0,1.0,-75.5,-99.5
462,14.0,16.0,53.0,0.0,0.0,0.0,1.0,2.5,0.0
463,15.0,16.0,53.0,0.0196078431372549,0.0196078431372549,0.0196078431372549,1.0,0.5,48.0
464,16.0,16.0,53.0,0.0039215686274509,0.0039215686274509,0.0039215686274509,1.0,106.0,-54.5
465,17.0,16.0,53.0,0.8509803921568627,0.8509803921568627,0.8509803921568627,1.0,12.0,-19.5
466,18.0,16.0,53.0,0.0980392156862745,0.0980392156862745,0.0980392156862745,1.0,-73.5,2.0
467,19.0,16.0,53.0,0.2745098039215686,0.2745098039215686,0.2745098039215686,1.0,-9.5,32.5
468,20.0,16.0,53.0,0.0235294117647058,0.0235294117647058,0.0235294117647058,1.0,-34.0,4.5
469,21.0,16.0,53.0,0.0078431372549019,0.0078431372549019,0.0078431372549019,1.0,53.0,69.0
470,22.0,16.0,53.0,0.4392156862745098,0.4392156862745098,0.4392156862745098,1.0,0.0,-1.0
471,23.0,16.0,53.0,0.0078431372549019,0.0078431372549019,0.0078431372549019,1.0,-55.0,1.0
472,24.0,16.0,53.0,0.0078431372549019,0.0078431372549019,0.0078431372549019,1.0,5.5,-0.5
473,25.0,16.0,53.0,0.0509803921568627,0.0509803921568627,0.0509803921568627,1.0,-1.0,9.5
474,26.0,16.0,53.0,0.0,0.0,0.0,1.0,-6.5,-3.0
475,27.0,16.0,53.0,0.0,0.0,0.0,1.0,0.0,-0.5
476,0.0,17.0,53.0,0.0,0.0,0.0,1.0,2.0,3.5
477,1.0,17.0,53.0,0.0078431372549019,0.0078431372549019,0.0078431372549019,1.0,5.0,10.5
478,2.0,17.0,53.0,0.0392156862745098,0.0392156862745098,0.0392156862745098,1.0,-1.0,6.0
479,3.0,17.0,53.0,0.0,0.0,0.0,1.0,-3.0,-3.0
480,4.0,17.0,53.0,0.0156862745098039,0.0156862745098039,0.0156862745098039,1.0,6.5,5.5
481,5.0,17.0,53.0,0.0509803921568627,0.0509803921568627,0.0509803921568627,1.0,4.5,-108.0
482,6.0,17.0,53.0,0.0509803921568627,0.0509803921568627,0.0509803921568627,1.0,3.5,-2.5
483,7.0,17.0,53.0,0.0784313725490196,0.0784313725490196,0.0784313725490196,1.0,3.5,1.5
484,8.0,17.0,53.0,0.0784313725490196,0.0784313725490196,0.0784313725490196,1.0,75.0,1.5
485,9.0,17.0,53.0,0.6666666666666666,0.6666666666666666,0.6666666666666666,1.0,54.5,-15.0
486,10.0,17.0,53.0,0.5058823529411764,0.5058823529411764,0.5058823529411764,1.0,-85.0,35.5
487,11.0,17.0,53.0,0.0,0.0,0.0,1.0,-64.5,2.0
488,12.0,17.0,53.0,0.0,0.0,0.0,1.0,3.0,-75.5
489,13.0,17.0,53.0,0.0235294117647058,0.0235294117647058,0.0235294117647058,1.0,0.0,103.0
490,14.0,17.0,53.0,0.0,0.0,0.0,1.0,45.0,0.0
491,15.0,17.0,53.0,0.3764705882352941,0.3764705882352941,0.3764705882352941,1.0,3.0,114.5
492,16.0,17.0,53.0,0.0235294117647058,0.0235294117647058,0.0235294117647058,1.0,-47.5,82.0
493,17.0,17.0,53.0,0.0039215686274509,0.0039215686274509,0.0039215686274509,1.0,-1.0,5.0
494,18.0,17.0,53.0,0.0156862745098039,0.0156862745098039,0.0156862745098039,1.0,37.0,-12.5
495,19.0,17.0,53.0,0.2941176470588235,0.2941176470588235,0.2941176470588235,1.0,2.5,-34.0
496,20.0,17.0,53.0,0.0352941176470588,0.0352941176470588,0.0352941176470588,1.0,36.0,113.0
497,21.0,17.0,53.0,0.5764705882352941,0.5764705882352941,0.5764705882352941,1.0,-0.5,-1.0
498,22.0,17.0,53.0,0.0313725490196078,0.0313725490196078,0.0313725490196078,1.0,-72.5,-51.0
499,23.0,17.0,53.0,0.0078431372549019,0.0078431372549019,0.0078431372549019,1.0,-2.0,0.5
500,24.0,17.0,53.0,0.0156862745098039,0.0156862745098039,0.0156862745098039,1.0,8.5,-1.0
501,25.0,17.0,53.0,0.0745098039215686,0.0745098039215686,0.0745098039215686,1.0,-2.0,-6.0
502,26.0,17.0,53.0,0.0,0.0,0.0,1.0,-9.0,5.5
503,27.0,17.0,53.0,0.0039215686274509,0.0039215686274509,0.0039215686274509,1.0,1.0,0.0
504,0.0,18.0,53.0,0.0274509803921568,0.0274509803921568,0.0274509803921568,1.0,14.0,0.0
505,1.0,18.0,53.0,0.0823529411764705,0.0823529411764705,0.0823529411764705,1.0,2.5,0.0
506,2.0,18.0,53.0,0.0470588235294117,0.0470588235294117,0.0470588235294117,1.0,-10.0,-2.0
507,3.0,18.0,53.0,0.0039215686274509,0.0039215686274509,0.0039215686274509,1.0,0.0,1.0
508,4.0,18.0,53.0,0.0470588235294117,0.0470588235294117,0.0470588235294117,1.0,-0.5,-2.0
509,5.0,18.0,53.0,0.0,0.0,0.0,1.0,-6.0,102.0
510,6.0,18.0,53.0,0.0,0.0,0.0,1.0,4.5,-4.5
511,7.0,18.0,53.0,0.0352941176470588,0.0352941176470588,0.0352941176470588,1.0,1.5,-10.0
512,8.0,18.0,53.0,0.0117647058823529,0.0117647058823529,0.0117647058823529,1.0,104.0,-7.5
513,9.0,18.0,53.0,0.8509803921568627,0.8509803921568627,0.8509803921568627,1.0,34.0,12.5
514,10.0,18.0,53.0,0.2784313725490196,0.2784313725490196,0.2784313725490196,1.0,-106.5,-64.5
515,11.0,18.0,53.0,0.0156862745098039,0.0156862745098039,0.0156862745098039,1.0,-35.5,4.5
516,12.0,18.0,53.0,0.0,0.0,0.0,1.0,101.0,0.5
517,13.0,18.0,53.0,0.807843137254902,0.807843137254902,0.807843137254902,1.0,0.0,76.0
518,14.0,18.0,53.0,0.0,0.0,0.0,1.0,14.0,2.0
519,15.0,18.0,53.0,0.9176470588235294,0.9176470588235294,0.9176470588235294,1.0,82.5,71.5
520,16.0,18.0,53.0,0.6470588235294118,0.6470588235294118,0.6470588235294118,1.0,-3.5,-3.0
521,17.0,18.0,53.0,0.8901960784313725,0.8901960784313725,0.8901960784313725,1.0,-82.5,-0.5
522,18.0,18.0,53.0,0.0,0.0,0.0,1.0,-112.5,113.5
523,19.0,18.0,53.0,0.0078431372549019,0.0078431372549019,0.0078431372549019,1.0,116.0,-34.5
524,20.0,18.0,53.0,0.9098039215686274,0.9098039215686274,0.9098039215686274,1.0,-1.0,18.0
525,21.0,18.0,53.0,0.0,0.0,0.0,1.0,-111.0,-70.5
526,22.0,18.0,53.0,0.0392156862745098,0.0392156862745098,0.0392156862745098,1.0,1.5,-4.0
527,23.0,18.0,53.0,0.0117647058823529,0.0117647058823529,0.0117647058823529,1.0,-5.0,-1.0
528,24.0,18.0,53.0,0.0,0.0,0.0,1.0,-1.0,-2.0
529,25.0,18.0,53.0,0.0039215686274509,0.0039215686274509,0.0039215686274509,1.0,5.5,-6.0
530,26.0,18.0,53.0,0.0431372549019607,0.0431372549019607,0.0431372549019607,1.0,-0.5,0.0
531,27.0,18.0,53.0,0.0,0.0,0.0,1.0,-11.0,-0.5
532,0.0,19.0,53.0,0.0,0.0,0.0,1.0,2.0,-3.5
533,1.0,19.0,53.0,0.0078431372549019,0.0078431372549019,0.0078431372549019,1.0,3.0,-5.5
534,2.0,19.0,53.0,0.0235294117647058,0.0235294117647058,0.0235294117647058,1.0,0.0,-6.0
535,3.0,19.0,53.0,0.0078431372549019,0.0078431372549019,0.0078431372549019,1.0,-3.0,-0.5
536,4.0,19.0,53.0,0.0,0.0,0.0,1.0,107.5,-5.5
537,5.0,19.0,53.0,0.8509803921568627,0.8509803921568627,0.8509803921568627,1.0,2.0,101.5
538,6.0,19.0,53.0,0.0156862745098039,0.0156862745098039,0.0156862745098039,1.0,-108.5,0.0
539,7.0,19.0,53.0,0.0,0.0,0.0,1.0,0.5,-4.5
540,8.0,19.0,53.0,0.0196078431372549,0.0196078431372549,0.0196078431372549,1.0,97.5,-1.5
541,9.0,19.0,53.0,0.7647058823529411,0.7647058823529411,0.7647058823529411,1.0,-2.5,-108.5
542,10.0,19.0,53.0,0.0,0.0,0.0,1.0,-93.0,-35.5
543,11.0,19.0,53.0,0.0352941176470588,0.0352941176470588,0.0352941176470588,1.0,0.5,6.5
544,12.0,19.0,53.0,0.0039215686274509,0.0039215686274509,0.0039215686274509,1.0,74.5,0.0
545,13.0,19.0,53.0,0.6196078431372549,0.6196078431372549,0.6196078431372549,1.0,1.5,-103.0
546,14.0,19.0,53.0,0.0156862745098039,0.0156862745098039,0.0156862745098039,1.0,40.5,30.0
547,15.0,19.0,53.0,0.9372549019607844,0.9372549019607844,0.9372549019607844,1.0,-2.0,10.5
548,16.0,19.0,53.0,0.0,0.0,0.0,1.0,-119.5,-81.0
549,17.0,19.0,53.0,0.0,0.0,0.0,1.0,115.5,-62.0
550,18.0,19.0,53.0,0.9058823529411764,0.9058823529411764,0.9058823529411764,1.0,3.0,123.0
551,19.0,19.0,53.0,0.0235294117647058,0.0235294117647058,0.0235294117647058,1.0,-93.0,-1.0
552,20.0,19.0,53.0,0.1764705882352941,0.1764705882352941,0.1764705882352941,1.0,0.0,-77.5
553,21.0,19.0,53.0,0.0235294117647058,0.0235294117647058,0.0235294117647058,1.0,-22.5,0.5
554,22.0,19.0,53.0,0.0,0.0,0.0,1.0,-3.0,102.0
555,23.0,19.0,53.0,0.0,0.0,0.0,1.0,0.0,2.5
556,24.0,19.0,53.0,0.0,0.0,0.0,1.0,3.5,0.0
557,25.0,19.0,53.0,0.0274509803921568,0.0274509803921568,0.0274509803921568,1.0,0.0,-0.5
558,26.0,19.0,53.0,0.0,0.0,0.0,1.0,-3.5,-5.5
559,27.0,19.0,53.0,0.0,0.0,0.0,1.0,0.0,0.0
560,0.0,20.0,53.0,0.0,0.0,0.0,1.0,10.0,0.0
561,1.0,20.0,53.0,0.0392156862745098,0.0392156862745098,0.0392156862745098,1.0,0.0,0.0
562,2.0,20.0,53.0,0.0,0.0,0.0,1.0,-5.0,6.5
563,3.0,20.0,53.0,0.0,0.0,0.0,1.0,0.5,0.5
564,4.0,20.0,53.0,0.0039215686274509,0.0039215686274509,0.0039215686274509,1.0,101.5,1.0
565,5.0,20.0,53.0,0.796078431372549,0.796078431372549,0.796078431372549,1.0,-0.5,-108.5
566,6.0,20.0,53.0,0.0,0.0,0.0,1.0,-101.5,-2.0
567,7.0,20.0,53.0,0.0,0.0,0.0,1.0,0.0,0.0
568,8.0,20.0,53.0,0.0,0.0,0.0,1.0,0.0,111.5
569,9.0,20.0,53.0,0.0,0.0,0.0,1.0,0.0,-1.5
570,10.0,20.0,53.0,0.0,0.0,0.0,1.0,8.5,4.5
571,11.0,20.0,53.0,0.0666666666666666,0.0666666666666666,0.0666666666666666,1.0,0.0,93.0
572,12.0,20.0,53.0,0.0,0.0,0.0,1.0,-8.5,-0.5
573,13.0,20.0,53.0,0.0,0.0,0.0,1.0,30.0,-77.5
574,14.0,20.0,53.0,0.2352941176470588,0.2352941176470588,0.2352941176470588,1.0,127.5,2.5
575,15.0,20.0,53.0,1.0,1.0,1.0,1.0,-28.5,-117.5
576,16.0,20.0,53.0,0.0117647058823529,0.0117647058823529,0.0117647058823529,1.0,-76.0,63.5
577,17.0,20.0,53.0,0.403921568627451,0.403921568627451,0.403921568627451,1.0,121.5,2.0
578,18.0,20.0,53.0,0.9647058823529412,0.9647058823529412,0.9647058823529412,1.0,-51.5,-115.5
579,19.0,20.0,53.0,0.0,0.0,0.0,1.0,-84.5,1.5
580,20.0,20.0,53.0,0.3019607843137254,0.3019607843137254,0.3019607843137254,1.0,0.5,-22.5
581,21.0,20.0,53.0,0.0039215686274509,0.0039215686274509,0.0039215686274509,1.0,68.5,-3.0
582,22.0,20.0,53.0,0.8392156862745098,0.8392156862745098,0.8392156862745098,1.0,3.5,0.0
583,23.0,20.0,53.0,0.0313725490196078,0.0313725490196078,0.0313725490196078,1.0,-107.0,1.0
584,24.0,20.0,53.0,0.0,0.0,0.0,1.0,-4.0,3.5
585,25.0,20.0,53.0,0.0,0.0,0.0,1.0,0.0,-2.0
586,26.0,20.0,53.0,0.0,0.0,0.0,1.0,0.0,0.0
587,27.0,20.0,53.0,0.0,0.0,0.0,1.0,0.0,0.0
588,0.0,21.0,53.0,0.0,0.0,0.0,1.0,2.0,0.0
589,1.0,21.0,53.0,0.0078431372549019,0.0078431372549019,0.0078431372549019,1.0,9.5,-2.5
590,2.0,21.0,53.0,0.0745098039215686,0.0745098039215686,0.0745098039215686,1.0,0.5,0.5
591,3.0,21.0,53.0,0.0117647058823529,0.0117647058823529,0.0117647058823529,1.0,-8.5,9.0
592,4.0,21.0,53.0,0.0078431372549019,0.0078431372549019,0.0078431372549019,1.0,-1.5,6.5
593,5.0,21.0,53.0,0.0,0.0,0.0,1.0,-1.0,-101.5
594,6.0,21.0,53.0,0.0,0.0,0.0,1.0,0.0,1.0
595,7.0,21.0,53.0,0.0,0.0,0.0,1.0,114.0,8.5
596,8.0,21.0,53.0,0.8941176470588236,0.8941176470588236,0.8941176470588236,1.0,96.0,0.0
597,9.0,21.0,53.0,0.7529411764705882,0.7529411764705882,0.7529411764705882,1.0,-109.5,0.0
598,10.0,21.0,53.0,0.0352941176470588,0.0352941176470588,0.0352941176470588,1.0,1.5,22.0
599,11.0,21.0,53.0,0.7647058823529411,0.7647058823529411,0.7647058823529411,1.0,-4.5,-8.5
600,12.0,21.0,53.0,0.0,0.0,0.0,1.0,-96.0,111.0
601,13.0,21.0,53.0,0.0117647058823529,0.0117647058823529,0.0117647058823529,1.0,4.5,0.0
602,14.0,21.0,53.0,0.0352941176470588,0.0352941176470588,0.0352941176470588,1.0,0.5,64.5
603,15.0,21.0,53.0,0.0156862745098039,0.0156862745098039,0.0156862745098039,1.0,59.0,-126.5
604,16.0,21.0,53.0,0.4980392156862745,0.4980392156862745,0.4980392156862745,1.0,0.0,82.5
605,17.0,21.0,53.0,0.0156862745098039,0.0156862745098039,0.0156862745098039,1.0,-63.5,-48.0
606,18.0,21.0,53.0,0.0,0.0,0.0,1.0,2.5,-119.5
607,19.0,21.0,53.0,0.0352941176470588,0.0352941176470588,0.0352941176470588,1.0,0.0,29.0
608,20.0,21.0,53.0,0.0,0.0,0.0,1.0,-4.5,61.5
609,21.0,21.0,53.0,0.0,0.0,0.0,1.0,0.0,25.0
610,22.0,21.0,53.0,0.0,0.0,0.0,1.0,1.0,-107.0
611,23.0,21.0,53.0,0.0078431372549019,0.0078431372549019,0.0078431372549019,1.0,3.5,-4.0
612,24.0,21.0,53.0,0.0274509803921568,0.0274509803921568,0.0274509803921568,1.0,0.5,0.0
613,25.0,21.0,53.0,0.0117647058823529,0.0117647058823529,0.0117647058823529,1.0,-3.5,0.0
614,26.0,21.0,53.0,0.0,0.0,0.0,1.0,-1.5,0.0
615,27.0,21.0,53.0,0.0,0.0,0.0,1.0,0.0,2.0
616,0.0,22.0,53.0,0.0,0.0,0.0,1.0,5.0,5.0
617,1.0,22.0,53.0,0.0196078431372549,0.0196078431372549,0.0196078431372549,1.0,0.5,-1.0
618,2.0,22.0,53.0,0.0039215686274509,0.0039215686274509,0.0039215686274509,1.0,6.5,-9.5
619,3.0,22.0,53.0,0.0705882352941176,0.0705882352941176,0.0705882352941176,1.0,6.5,-1.5
620,4.0,22.0,53.0,0.0549019607843137,0.0549019607843137,0.0549019607843137,1.0,-9.0,-1.0
621,5.0,22.0,53.0,0.0,0.0,0.0,1.0,-6.0,12.0
622,6.0,22.0,53.0,0.0078431372549019,0.0078431372549019,0.0078431372549019,1.0,8.5,0.0
623,7.0,22.0,53.0,0.0666666666666666,0.0666666666666666,0.0666666666666666,1.0,-1.0,0.0
624,8.0,22.0,53.0,0.0,0.0,0.0,1.0,-8.5,-111.5
625,9.0,22.0,53.0,0.0,0.0,0.0,1.0,22.0,-96.0
626,10.0,22.0,53.0,0.1725490196078431,0.1725490196078431,0.1725490196078431,1.0,0.0,-2.0
627,11.0,22.0,53.0,0.0,0.0,0.0,1.0,89.0,-97.5
628,12.0,22.0,53.0,0.8705882352941177,0.8705882352941177,0.8705882352941177,1.0,0.0,0.0
629,13.0,22.0,53.0,0.0,0.0,0.0,1.0,-16.5,-1.0
630,14.0,22.0,53.0,0.7411764705882353,0.7411764705882353,0.7411764705882353,1.0,1.0,0.0
631,15.0,22.0,53.0,0.0078431372549019,0.0078431372549019,0.0078431372549019,1.0,-10.5,-2.0
632,16.0,22.0,53.0,0.6588235294117647,0.6588235294117647,0.6588235294117647,1.0,2.5,-63.5
633,17.0,22.0,53.0,0.0274509803921568,0.0274509803921568,0.0274509803921568,1.0,-80.5,-0.5
634,18.0,22.0,53.0,0.0274509803921568,0.0274509803921568,0.0274509803921568,1.0,25.5,7.0
635,19.0,22.0,53.0,0.2274509803921568,0.2274509803921568,0.2274509803921568,1.0,96.5,-2.5
636,20.0,22.0,53.0,0.7843137254901961,0.7843137254901961,0.7843137254901961,1.0,-3.5,1.5
637,21.0,22.0,53.0,0.2,0.2,0.2,1.0,-100.0,0.0
638,22.0,22.0,53.0,0.0,0.0,0.0,1.0,-25.5,5.5
639,23.0,22.0,53.0,0.0,0.0,0.0,1.0,0.0,5.0
640,24.0,22.0,53.0,0.0,0.0,0.0,1.0,0.0,3.0
641,25.0,22.0,53.0,0.0,0.0,0.0,1.0,0.0,-1.5
642,26.0,22.0,53.0,0.0,0.0,0.0,1.0,2.0,4.0
643,27.0,22.0,53.0,0.0156862745098039,0.0156862745098039,0.0156862745098039,1.0,4.0,1.5
644,0.0,23.0,53.0,0.0392156862745098,0.0392156862745098,0.0392156862745098,1.0,-10.0,0.5
645,1.0,23.0,53.0,0.0,0.0,0.0,1.0,-5.0,-2.5
646,2.0,23.0,53.0,0.0,0.0,0.0,1.0,0.0,6.0
647,3.0,23.0,53.0,0.0,0.0,0.0,1.0,0.0,-6.0
648,4.0,23.0,53.0,0.0,0.0,0.0,1.0,12.0,-2.5
649,5.0,23.0,53.0,0.0941176470588235,0.0941176470588235,0.0941176470588235,1.0,0.0,2.0
650,6.0,23.0,53.0,0.0,0.0,0.0,1.0,-12.0,-1.0
651,7.0,23.0,53.0,0.0,0.0,0.0,1.0,2.5,1.5
652,8.0,23.0,53.0,0.0196078431372549,0.0196078431372549,0.0196078431372549,1.0,0.0,0.0
653,9.0,23.0,53.0,0.0,0.0,0.0,1.0,0.0,6.0
654,10.0,23.0,53.0,0.0196078431372549,0.0196078431372549,0.0196078431372549,1.0,0.0,-16.0
655,11.0,23.0,53.0,0.0,0.0,0.0,1.0,-2.5,0.0
656,12.0,23.0,53.0,0.0,0.0,0.0,1.0,0.5,-111.0
657,13.0,23.0,53.0,0.0039215686274509,0.0039215686274509,0.0039215686274509,1.0,4.5,1.0
658,14.0,23.0,53.0,0.0352941176470588,0.0352941176470588,0.0352941176470588,1.0,-0.5,-94.5
659,15.0,23.0,53.0,0.0,0.0,0.0,1.0,-4.5,-1.0
660,16.0,23.0,53.0,0.0,0.0,0.0,1.0,1.5,-76.5
661,17.0,23.0,53.0,0.0117647058823529,0.0117647058823529,0.0117647058823529,1.0,7.0,-3.5
662,18.0,23.0,53.0,0.0549019607843137,0.0549019607843137,0.0549019607843137,1.0,0.5,8.5
663,19.0,23.0,53.0,0.0156862745098039,0.0156862745098039,0.0156862745098039,1.0,-5.5,-29.0
664,20.0,23.0,53.0,0.0117647058823529,0.0117647058823529,0.0117647058823529,1.0,-2.0,-100.0
665,21.0,23.0,53.0,0.0,0.0,0.0,1.0,4.0,-23.5
666,22.0,23.0,53.0,0.0431372549019607,0.0431372549019607,0.0431372549019607,1.0,6.0,2.5
667,23.0,23.0,53.0,0.0470588235294117,0.0470588235294117,0.0470588235294117,1.0,1.0,0.0
668,24.0,23.0,53.0,0.0509803921568627,0.0509803921568627,0.0509803921568627,1.0,-6.0,5.5
669,25.0,23.0,53.0,0.0,0.0,0.0,1.0,-2.5,0.0
670,26.0,23.0,53.0,0.0313725490196078,0.0313725490196078,0.0313725490196078,1.0,1.5,2.0
671,27.0,23.0,53.0,0.0117647058823529,0.0117647058823529,0.0117647058823529,1.0,-5.0,1.5
672,0.0,24.0,53.0,0.0039215686274509,0.0039215686274509,0.0039215686274509,1.0,-1.0,-5.0
673,1.0,24.0,53.0,0.0,0.0,0.0,1.0,6.0,0.0
674,2.0,24.0,53.0,0.0509803921568627,0.0509803921568627,0.0509803921568627,1.0,3.0,0.0
675,3.0,24.0,53.0,0.0235294117647058,0.0235294117647058,0.0235294117647058,1.0,-2.0,6.0
676,4.0,24.0,53.0,0.0352941176470588,0.0352941176470588,0.0352941176470588,1.0,-1.0,3.0
677,5.0,24.0,53.0,0.0156862745098039,0.0156862745098039,0.0156862745098039,1.0,-4.5,-11.5
678,6.0,24.0,53.0,0.0,0.0,0.0,1.0,8.0,0.0
679,7.0,24.0,53.0,0.0784313725490196,0.0784313725490196,0.0784313725490196,1.0,0.0,9.0
680,8.0,24.0,53.0,0.0,0.0,0.0,1.0,-4.0,8.5
681,9.0,24.0,53.0,0.0470588235294117,0.0470588235294117,0.0470588235294117,1.0,6.0,7.5
682,10.0,24.0,53.0,0.0470588235294117,0.0470588235294117,0.0470588235294117,1.0,-6.0,-2.5
683,11.0,24.0,53.0,0.0,0.0,0.0,1.0,-6.0,8.0
684,12.0,24.0,53.0,0.0,0.0,0.0,1.0,1.0,0.0
685,13.0,24.0,53.0,0.0078431372549019,0.0078431372549019,0.0078431372549019,1.0,0.0,-0.5
686,14.0,24.0,53.0,0.0,0.0,0.0,1.0,-1.0,-4.5
687,15.0,24.0,53.0,0.0,0.0,0.0,1.0,7.5,7.5
688,16.0,24.0,53.0,0.0588235294117647,0.0588235294117647,0.0588235294117647,1.0,0.0,3.5
689,17.0,24.0,53.0,0.0,0.0,0.0,1.0,4.5,8.5
690,18.0,24.0,53.0,0.0941176470588235,0.0941176470588235,0.0941176470588235,1.0,0.0,-6.0
691,19.0,24.0,53.0,0.0,0.0,0.0,1.0,-12.0,-2.0
692,20.0,24.0,53.0,0.0,0.0,0.0,1.0,2.0,-1.5
693,21.0,24.0,53.0,0.0156862745098039,0.0156862745098039,0.0156862745098039,1.0,2.5,7.0
694,22.0,24.0,53.0,0.0196078431372549,0.0196078431372549,0.0196078431372549,1.0,-2.0,-4.5
695,23.0,24.0,53.0,0.0,0.0,0.0,1.0,3.0,-6.0
696,24.0,24.0,53.0,0.0431372549019607,0.0431372549019607,0.0431372549019607,1.0,0.0,-5.5
697,25.0,24.0,53.0,0.0,0.0,0.0,1.0,-3.5,2.5
698,26.0,24.0,53.0,0.0156862745098039,0.0156862745098039,0.0156862745098039,1.0,3.5,-4.0
699,27.0,24.0,53.0,0.0274509803921568,0.0274509803921568,0.0274509803921568,1.0,3.0,-1.5
700,0.0,25.0,53.0,0.0,0.0,0.0,1.0,0.0,-0.5
701,1.0,25.0,53.0,0.0,0.0,0.0,1.0,0.0,3.0
702,2.0,25.0,53.0,0.0,0.0,0.0,1.0,6.0,-4.0
703,3.0,25.0,53.0,0.0470588235294117,0.0470588235294117,0.0470588235294117,1.0,3.0,-2.0
704,4.0,25.0,53.0,0.0235294117647058,0.0235294117647058,0.0235294117647058,1.0,-5.5,-4.0
705,5.0,25.0,53.0,0.0039215686274509,0.0039215686274509,0.0039215686274509,1.0,-3.0,-2.0
706,6.0,25.0,53.0,0.0,0.0,0.0,1.0,8.5,0.0
707,7.0,25.0,53.0,0.0705882352941176,0.0705882352941176,0.0705882352941176,1.0,11.0,-10.0
708,8.0,25.0,53.0,0.0862745098039215,0.0862745098039215,0.0862745098039215,1.0,-1.5,4.5
709,9.0,25.0,53.0,0.0588235294117647,0.0588235294117647,0.0588235294117647,1.0,-11.0,-6.0
710,10.0,25.0,53.0,0.0,0.0,0.0,1.0,0.5,-6.0
711,11.0,25.0,53.0,0.0627450980392156,0.0627450980392156,0.0627450980392156,1.0,0.0,1.0
712,12.0,25.0,53.0,0.0,0.0,0.0,1.0,-8.0,0.0
713,13.0,25.0,53.0,0.0,0.0,0.0,1.0,0.0,0.5
714,14.0,25.0,53.0,0.0,0.0,0.0,1.0,7.5,8.0
715,15.0,25.0,53.0,0.0588235294117647,0.0588235294117647,0.0588235294117647,1.0,3.5,1.5
716,16.0,25.0,53.0,0.0274509803921568,0.0274509803921568,0.0274509803921568,1.0,2.5,-7.5
717,17.0,25.0,53.0,0.0784313725490196,0.0784313725490196,0.0784313725490196,1.0,-2.5,0.0
718,18.0,25.0,53.0,0.0078431372549019,0.0078431372549019,0.0078431372549019,1.0,-10.0,-12.0
719,19.0,25.0,53.0,0.0,0.0,0.0,1.0,-1.0,0.0
720,20.0,25.0,53.0,0.0,0.0,0.0,1.0,7.0,0.0
721,21.0,25.0,53.0,0.0549019607843137,0.0549019607843137,0.0549019607843137,1.0,1.0,-2.0
722,22.0,25.0,53.0,0.0078431372549019,0.0078431372549019,0.0078431372549019,1.0,-7.0,6.5
723,23.0,25.0,53.0,0.0,0.0,0.0,1.0,0.0,0.0
724,24.0,25.0,53.0,0.0078431372549019,0.0078431372549019,0.0078431372549019,1.0,2.5,-3.5
725,25.0,25.0,53.0,0.0196078431372549,0.0196078431372549,0.0196078431372549,1.0,-1.0,0.0
726,26.0,25.0,53.0,0.0,0.0,0.0,1.0,-2.5,-1.0
727,27.0,25.0,53.0,0.0,0.0,0.0,1.0,0.0,-2.5
728,0.0,26.0,53.0,0.0,0.0,0.0,1.0,6.0,0.0
729,1.0,26.0,53.0,0.0235294117647058,0.0235294117647058,0.0235294117647058,1.0,2.5,0.0
730,2.0,26.0,53.0,0.0196078431372549,0.0196078431372549,0.0196078431372549,1.0,-2.0,0.0
731,3.0,26.0,53.0,0.0078431372549019,0.0078431372549019,0.0078431372549019,1.0,-2.0,0.0
732,4.0,26.0,53.0,0.0039215686274509,0.0039215686274509,0.0039215686274509,1.0,-1.0,-3.0
733,5.0,26.0,53.0,0.0,0.0,0.0,1.0,-0.5,-0.5
734,6.0,26.0,53.0,0.0,0.0,0.0,1.0,0.0,0.0
735,7.0,26.0,53.0,0.0,0.0,0.0,1.0,4.5,-4.5
736,8.0,26.0,53.0,0.0352941176470588,0.0352941176470588,0.0352941176470588,1.0,0.0,-11.0
737,9.0,26.0,53.0,0.0,0.0,0.0,1.0,-4.5,-7.0
738,10.0,26.0,53.0,0.0,0.0,0.0,1.0,1.0,0.0
739,11.0,26.0,53.0,0.0078431372549019,0.0078431372549019,0.0078431372549019,1.0,0.0,-8.0
740,12.0,26.0,53.0,0.0,0.0,0.0,1.0,0.5,0.0
741,13.0,26.0,53.0,0.0117647058823529,0.0117647058823529,0.0117647058823529,1.0,8.0,0.0
742,14.0,26.0,53.0,0.0627450980392156,0.0627450980392156,0.0627450980392156,1.0,0.0,0.0
743,15.0,26.0,53.0,0.0117647058823529,0.0117647058823529,0.0117647058823529,1.0,-8.0,-7.5
744,16.0,26.0,53.0,0.0,0.0,0.0,1.0,-1.5,-3.5
745,17.0,26.0,53.0,0.0,0.0,0.0,1.0,0.0,-10.0
746,18.0,26.0,53.0,0.0,0.0,0.0,1.0,0.0,4.5
747,19.0,26.0,53.0,0.0,0.0,0.0,1.0,0.0,0.0
748,20.0,26.0,53.0,0.0,0.0,0.0,1.0,0.0,15.0
749,21.0,26.0,53.0,0.0,0.0,0.0,1.0,9.0,-7.0
750,22.0,26.0,53.0,0.0705882352941176,0.0705882352941176,0.0705882352941176,1.0,0.0,1.0
751,23.0,26.0,53.0,0.0,0.0,0.0,1.0,-7.0,1.5
752,24.0,26.0,53.0,0.0156862745098039,0.0156862745098039,0.0156862745098039,1.0,0.0,-1.0
753,25.0,26.0,53.0,0.0,0.0,0.0,1.0,-1.0,-2.5
754,26.0,26.0,53.0,0.0078431372549019,0.0078431372549019,0.0078431372549019,1.0,1.0,0.0
755,27.0,26.0,53.0,0.0078431372549019,0.0078431372549019,0.0078431372549019,1.0,0.0,0.0
756,0.0,27.0,53.0,0.0,0.0,0.0,1.0,0.0,0.0
757,1.0,27.0,53.0,0.0,0.0,0.0,1.0,0.0,-6.0
758,2.0,27.0,53.0,0.0,0.0,0.0,1.0,6.0,-5.0
759,3.0,27.0,53.0,0.0470588235294117,0.0470588235294117,0.0470588235294117,1.0,0.0,10.0
760,4.0,27.0,53.0,0.0,0.0,0.0,1.0,-6.0,-1.0
761,5.0,27.0,53.0,0.0,0.0,0.0,1.0,0.0,0.0
762,6.0,27.0,53.0,0.0,0.0,0.0,1.0,4.5,0.0
763,7.0,27.0,53.0,0.0352941176470588,0.0352941176470588,0.0352941176470588,1.0,0.0,9.0
764,8.0,27.0,53.0,0.0,0.0,0.0,1.0,-4.0,-9.0
765,9.0,27.0,53.0,0.0039215686274509,0.0039215686274509,0.0039215686274509,1.0,0.0,1.0
766,10.0,27.0,53.0,0.0,0.0,0.0,1.0,-0.5,0.0
767,11.0,27.0,53.0,0.0,0.0,0.0,1.0,0.0,-2.0
768,12.0,27.0,53.0,0.0,0.0,0.0,1.0,0.0,0.0
769,13.0,27.0,53.0,0.0,0.0,0.0,1.0,0.0,-3.0
770,14.0,27.0,53.0,0.0,0.0,0.0,1.0,0.0,-16.0
771,15.0,27.0,53.0,0.0,0.0,0.0,1.0,0.0,-3.0
772,16.0,27.0,53.0,0.0,0.0,0.0,1.0,0.0,0.0
773,17.0,27.0,53.0,0.0,0.0,0.0,1.0,5.5,0.0
774,18.0,27.0,53.0,0.0431372549019607,0.0431372549019607,0.0431372549019607,1.0,0.0,11.0
775,19.0,27.0,53.0,0.0,0.0,0.0,1.0,9.5,0.0
776,20.0,27.0,53.0,0.1176470588235294,0.1176470588235294,0.1176470588235294,1.0,0.0,30.0
777,21.0,27.0,53.0,0.0,0.0,0.0,1.0,-13.0,0.0
778,22.0,27.0,53.0,0.0156862745098039,0.0156862745098039,0.0156862745098039,1.0,1.5,-14.0
779,23.0,27.0,53.0,0.0117647058823529,0.0117647058823529,0.0117647058823529,1.0,-2.0,3.0
780,24.0,27.0,53.0,0.0,0.0,0.0,1.0,-1.5,-4.0
781,25.0,27.0,53.0,0.0,0.0,0.0,1.0,0.0,0.0
782,26.0,27.0,53.0,0.0,0.0,0.0,1.0,0.0,-2.0
783,27.0,27.0,53.0,0.0,0.0,0.0,1.0,0.0,-2.0
