cluster_id,x,y,t,R,G,B,A,Gx,Gy
0,16.550135501355015,9.29539295392954,22.57181571815718,0.01999043519846963,0.01999043519846963,0.01999043519846963,1.0,38.85365853658537,-0.5542005420054199
1,6.274691358024697,10.842592592592593,51.44444444444444,0.8038126361655774,0.8038126361655774,0.8038126361655774,1.0,-0.11574074074074105,-1.4537037037037037
2,17.923501577287055,19.227129337539427,12.263406940063064,0.014399703098905273,0.014399703098905273,0.014399703098905273,1.0,-0.09739747634069423,0.07294952681388019
3,2.078332280480092,7.081490840176864,91.31585596967784,0.01470526302751056,0.01470526302751056,0.01470526302751056,1.0,0.44472520530638004,-0.14971572962728974
4,18.88421052631579,14.003508771929825,82.72280701754386,0.01926384588923287,0.01926384588923287,0.01926384588923287,1.0,-0.4596491228070174,34.76315789473685
5,7.98913043478261,12.01086956521739,57.15942028985507,0.015672065927820403,0.015672065927820403,0.015672065927820403,1.0,-112.23731884057972,-1.0380434782608694
6,18.3943661971831,11.346478873239437,81.34647887323943,0.02315382491024577,0.02315382491024577,0.02315382491024577,1.0,0.6225352112676057,-106.64788732394366
7,2.1046741277155867,20.76563528637262,27.252797893350895,0.01571983632162552,0.01571983632162552,0.01571983632162552,1.0,0.06846609611586608,-0.017445687952600472
8,17.539682539682538,16.742857142857144,47.647619047619045,0.01906006847183314,0.01906006847183314,0.01906006847183314,1.0,111.9920634920635,-1.019047619047619
9,8.597113650030069,2.0138304269392755,74.27720986169574,0.015372643344770343,0.015372643344770343,0.015372643344770343,1.0,0.18911605532170817,-0.12417318099819608
10,17.495652173913037,2.0695652173913075,41.84584980237153,0.015779276137332487,0.015779276137332487,0.015779276137332487,1.0,-0.1150197628458495,0.02766798418972327
11,8.17624521072797,8.333333333333336,70.64367816091954,0.42669972203440754,0.42669972203440754,0.42669972203440754,1.0,-0.026819923371647666,-0.11302681992337173
12,19.927007299270073,13.08029197080292,50.11678832116788,0.8140260483755546,0.8140260483755546,0.8140260483755546,1.0,110.82846715328466,-1.2189781021897808
13,8.211830535571544,25.178257394084767,61.74500399680255,0.01532264384570782,0.01532264384570782,0.01532264384570782,1.0,0.05875299760191848,-0.31734612310151905
14,21.09014675052411,4.142557651991606,81.08595387840671,0.07455913182883211,0.07455913182883211,0.07455913182883211,1.0,-0.17610062893081763,-0.8710691823899372
15,18.638121546961326,6.6823204419889475,15.284530386740329,0.01993283501245799,0.01993283501245799,0.01993283501245799,1.0,0.04972375690607747,49.715469613259664
16,10.19828722002635,2.05138339920949,25.702898550724637,0.013464568963290263,0.013464568963290263,0.013464568963290263,1.0,-0.14426877470355676,0.08366271409749688
17,20.802139037433143,9.18449197860962,13.663101604278076,0.8427807486631016,0.8427807486631016,0.8427807486631016,1.0,-1.147058823529412,1.0454545454545454
18,13.947643979057592,5.010471204188475,48.596858638743456,0.9040755569243407,0.9040755569243407,0.9040755569243407,1.0,0.43455497382198993,108.33507853403141
19,24.144756277695706,13.48818316100443,38.063515509601174,0.016030932313841395,0.016030932313841395,0.016030932313841395,1.0,-0.4098966026587887,-0.05059084194977845
20,9.532394366197181,11.414084507042254,16.132394366197182,0.01816072908036452,0.01816072908036452,0.01816072908036452,1.0,-1.9042253521126762,-75.18732394366195
21,7.163934426229511,14.352459016393443,26.524590163934413,0.8901639344262291,0.8901639344262291,0.8901639344262291,1.0,-109.5860655737705,3.1290983606557377
22,24.76971388695044,5.468946266573617,8.35519888346127,0.014285127868314207,0.014285127868314207,0.014285127868314207,1.0,-0.00802512212142334,0.07606420097697138
23,21.361904761904746,24.789010989011025,77.5992673992674,0.01483875601522669,0.01483875601522669,0.01483875601522669,1.0,-0.0014652014652014522,-0.38095238095238093
24,13.445736434108527,23.4496124031008,24.891472868217043,0.906763945888433,0.906763945888433,0.906763945888433,1.0,1.3003875968992245,-111.14147286821705
25,2.0504201680672125,6.028711484593821,23.233893557422963,0.013492063492063597,0.013492063492063597,0.013492063492063597,1.0,-0.23984593837534982,0.06862745098039207
26,1.9060498220640376,14.83202846975089,41.86405693950177,0.015334589351755024,0.015334589351755024,0.015334589351755024,1.0,0.07402135231316732,0.03167259786476884
27,21.969348659003835,9.31800766283525,11.862068965517246,0.02165126587033278,0.02165126587033278,0.02165126587033278,1.0,-108.03448275862068,0.5229885057471266
28,8.992366412213741,8.931297709923665,46.29007633587786,0.01909893728483758,0.01909893728483758,0.01909893728483758,1.0,-104.61832061068704,-100.20610687022901
29,1.8377437325905142,17.26810584958218,75.6399721448468,0.012900759189469757,0.012900759189469757,0.012900759189469757,1.0,0.22562674094707558,0.00800835654596091
30,19.572390572390574,5.461279461279455,23.393939393939405,0.014194229880504436,0.014194229880504436,0.014194229880504436,1.0,-111.96127946127945,110.59932659932659
31,11.104395604395604,10.06043956043956,49.247252747252745,0.020168067226890712,0.020168067226890712,0.020168067226890712,1.0,102.59890109890111,-62.23901098901099
32,16.311572700296736,18.71513353115727,19.005934718100892,0.016000465468086325,0.016000465468086325,0.016000465468086325,1.0,-0.33679525222551915,111.01483679525225
33,14.53551912568306,14.142076502732241,23.300546448087434,0.6304939462123648,0.6304939462123648,0.6304939462123648,1.0,-1.0109289617486337,57.54918032786885
34,14.333333333333334,12.9484126984127,79.06746031746033,0.022237784002489866,0.022237784002489866,0.022237784002489866,1.0,57.543650793650805,63.04960317460317
35,24.42553191489362,23.295508274231672,23.964539007092203,0.07215500857553418,0.07215500857553418,0.07215500857553418,1.0,3.8711583924349875,0.5602836879432624
36,9.089655172413792,6.251724137931033,84.57241379310344,0.017227856659905325,0.017227856659905325,0.017227856659905325,1.0,0.24827586206896554,108.6206896551724
37,15.57112970711297,14.135983263598327,7.880753138075313,0.014418738206579768,0.014418738206579768,0.014418738206579768,1.0,0.044979079497907616,-0.4163179916317989
38,20.29166666666665,25.287820512820552,40.83333333333333,0.014069884364002111,0.014069884364002111,0.014069884364002111,1.0,-0.0996794871794871,0.05384615384615378
39,15.096153846153847,14.256410256410255,67.11538461538461,0.42420814479638,0.42420814479638,0.42420814479638,1.0,-49.83333333333332,-0.30448717948717907
40,21.619279454722484,10.075949367088604,59.199610516066215,0.015216602707295232,0.015216602707295232,0.015216602707295232,1.0,-0.05452775073028219,-0.07205452775073035
41,8.12898330804249,25.052352048558454,6.672230652503792,0.013826653574935371,0.013826653574935371,0.013826653574935371,1.0,-0.11342943854324719,-0.24810318664643405
42,25.21082390953149,13.47092084006462,90.21082390953151,0.014039088979695358,0.014039088979695358,0.014039088979695358,1.0,-0.2823101777059772,0.24313408723747987
43,9.134920634920636,11.746031746031747,23.61904761904762,0.581917211328976,0.581917211328976,0.581917211328976,1.0,2.6349206349206353,-50.57142857142857
44,2.5252890173410343,25.599710982658998,91.78395953757226,0.013444973365068669,0.013444973365068669,0.013444973365068669,1.0,0.12247109826589613,-0.06972543352601165
45,14.092857142857143,14.992857142857142,75.9,0.28669467787114844,0.28669467787114844,0.28669467787114844,1.0,106.2,1.3285714285714276
46,12.163965681601525,13.734985700667302,57.48045757864633,0.015533000616834047,0.015533000616834047,0.015533000616834047,1.0,-0.29837940896091525,-0.030028598665395645
47,7.043386243386251,14.172486772486772,25.279365079365064,0.01660753190164961,0.01660753190164961,0.01660753190164961,1.0,-0.07142857142857116,-0.36084656084656097
48,22.917808219178088,14.034246575342467,47.87671232876713,0.9042170292774644,0.9042170292774644,0.9042170292774644,1.0,-109.94178082191779,1.6609589041095882
49,15.22186495176849,8.726688102893892,61.19292604501608,0.016959838597818563,0.016959838597818563,0.016959838597818563,1.0,-111.55787781350482,0.4726688102893892
50,18.87012987012987,8.571428571428573,28.16883116883116,0.8878533231474409,0.8878533231474409,0.8878533231474409,1.0,111.95454545454545,-109.33766233766232
51,19.517219387755087,1.8099489795918426,91.66390306122449,0.012252400960384241,0.012252400960384241,0.012252400960384241,1.0,0.13934948979591852,0.42570153061224514
52,10.216617210682491,18.706231454005934,22.4480712166172,0.01911910164659332,0.01911910164659332,0.01911910164659332,1.0,-37.148367952522264,0.01632047477744815
53,17.939790575916224,21.67277486910998,84.10732984293193,0.8704650446566062,0.8704650446566062,0.8704650446566062,1.0,-0.4463350785340318,-0.7460732984293195
54,4.863057324840765,9.429936305732484,47.12101910828025,0.020569501686024713,0.020569501686024713,0.020569501686024713,1.0,109.88853503184713,-0.07484076433121026
55,9.204204204204203,7.480480480480474,15.030030030030012,0.8032267561679326,0.8032267561679326,0.8032267561679326,1.0,0.7642642642642644,1.2477477477477465
56,7.527272727272723,5.715151515151511,76.23636363636363,0.015282234105763542,0.015282234105763542,0.015282234105763542,1.0,106.2909090909091,107.22121212121212
57,25.342632331902703,25.287553648068705,49.208154506437765,0.014227608067547554,0.014227608067547554,0.014227608067547554,1.0,0.14484978540772542,-0.05364806866952819
58,22.1965811965812,20.555555555555557,84.52991452991452,0.016859393329981612,0.016859393329981612,0.016859393329981612,1.0,-109.71367521367522,-109.81623931623932
59,14.328467153284672,17.273722627737225,14.861313868613138,0.18564476885644765,0.18564476885644765,0.18564476885644765,1.0,-0.9251824817518246,0.7262773722627736
60,5.719887955182089,1.9796918767507012,29.21008403361344,0.011388476959411309,0.011388476959411309,0.011388476959411309,1.0,-0.05567226890756304,0.32668067226890773
61,25.155159038013952,15.134988363072148,7.477114041892939,0.013866958730738316,0.013866958730738316,0.013866958730738316,1.0,-0.0837858805275408,0.006982156710628254
62,9.307692307692307,9.857142857142858,25.84615384615385,0.8836457659987073,0.8836457659987073,0.8836457659987073,1.0,-103.93956043956044,-106.33516483516483
63,13.903333333333332,13.906666666666666,24.616666666666664,0.9228758169934642,0.9228758169934642,0.9228758169934642,1.0,0.24000000000000002,0.1750000000000001
64,20.045122760451214,2.042468480424688,7.4538818845388235,0.01420300037732422,0.01420300037732422,0.01420300037732422,1.0,0.16954213669542142,-0.008626410086264108
65,21.37627118644066,18.46440677966102,13.874576271186456,0.9421203057494184,0.9421203057494184,0.9421203057494184,1.0,-1.6542372881355947,-0.5508474576271184
66,14.0,5.329070518200751e-15,50.179487179487175,0.8930115635997988,0.8930115635997988,0.8930115635997988,1.0,0.5384615384615385,-224.12820512820514
67,7.214843750000002,22.035156250000007,22.601562499999996,0.01499693627450982,0.01499693627450982,0.01499693627450982,1.0,112.283203125,-111.59570312500004
68,2.215149586250787,1.4952259707192912,71.36155315085932,0.01281312015576451,0.01281312015576451,0.01281312015576451,1.0,0.15626989178866973,-0.0649267982176961
69,8.14964539007093,25.35744680851068,91.95106382978724,0.01531636768182458,0.01531636768182458,0.01531636768182458,1.0,0.059574468085106344,-0.012765957446808716
70,13.415929203539823,13.433628318584072,45.24778761061947,0.32687836196425474,0.32687836196425474,0.32687836196425474,1.0,-85.00442477876106,89.49999999999997
71,4.118181818181803,13.74090909090909,23.15000000000001,0.8890017825311944,0.8890017825311944,0.8890017825311944,1.0,111.20909090909089,1.7181818181818176
72,7.964143426294819,16.844621513944222,82.50597609561754,0.01760799937504881,0.01760799937504881,0.01760799937504881,1.0,1.9860557768924298,74.67529880478087
73,8.701863354037267,7.583850931677018,74.41925465838509,0.01599074412373644,0.01599074412373644,0.01599074412373644,1.0,0.031055900621118303,71.68322981366458
74,16.195259593679456,6.627539503385996,89.74040632054175,0.013375824370380276,0.013375824370380276,0.013375824370380276,1.0,0.368510158013544,0.09819413092550781
75,11.908127208480565,9.0,16.759717314487624,0.016060417099702032,0.016060417099702032,0.016060417099702032,1.0,110.68727915194347,-0.05477031802120158
76,14.93262174783189,24.806537691794574,41.28619079386257,0.015074101688707625,0.015074101688707625,0.015074101688707625,1.0,0.0670446964643099,-0.3045363575717146
77,1.3671189146049176,24.85873902633682,75.85794094173983,0.012869505344037135,0.012869505344037135,0.012869505344037135,1.0,0.28810853950518783,0.12769353551476453
78,21.78723404255319,6.872340425531905,26.099290780141843,0.8953970240578503,0.8953970240578503,0.8953970240578503,1.0,-112.25177304964544,111.79432624113474
79,8.329073482428115,11.667731629392971,81.03514376996804,0.017778613042661137,0.017778613042661137,0.017778613042661137,1.0,0.6086261980830671,-79.24600638977637
80,15.346666666666668,5.057777777777774,82.07111111111111,0.8949368191721133,0.8949368191721133,0.8949368191721133,1.0,1.0333333333333334,108.62
81,6.732484076433117,6.5477707006369315,20.337579617834397,0.8841763456975146,0.8841763456975146,0.8841763456975146,1.0,109.40445859872612,111.04458598726109
82,13.124137931034483,16.710344827586205,20.689655172413797,0.660554428668019,0.660554428668019,0.660554428668019,1.0,53.88275862068966,-0.7068965517241378
83,21.242084432717668,2.236147757255944,57.46240105540897,0.015220652904961551,0.015220652904961551,0.015220652904961551,1.0,-0.10817941952506584,0.07222955145118741
84,7.871794871794869,18.2991452991453,15.70940170940171,0.7886821965253339,0.7886821965253339,0.7886821965253339,1.0,-1.827635327635328,0.6353276353276355
85,14.806818181818182,14.306818181818182,75.44886363636364,0.4831105169340463,0.4831105169340463,0.4831105169340463,1.0,-4.3210227272727275,-105.48863636363637
86,17.87440076701821,20.84276126558006,90.19846596356663,0.01597954618088851,0.01597954618088851,0.01597954618088851,1.0,-0.5105465004793861,-0.87679769894535
87,9.43708609271523,16.90066225165563,22.576158940397345,0.022438644331904956,0.022438644331904956,0.022438644331904956,1.0,105.8543046357616,109.94701986754964
88,25.234520123838998,25.686532507739972,29.44814241486068,0.01025010623444432,0.01025010623444432,0.01025010623444432,1.0,-0.4837461300309598,0.0367647058823532
89,17.756613756613756,10.044973544973546,45.75925925925926,0.016267247639796645,0.016267247639796645,0.016267247639796645,1.0,-0.44444444444444425,-106.38888888888889
90,5.126182965299687,18.50788643533123,84.02208201892745,0.016799653615389334,0.016799653615389334,0.016799653615389334,1.0,106.6845425867508,0.7728706624605678
91,16.921875,8.859375,76.484375,0.33474264705882356,0.33474264705882356,0.33474264705882356,1.0,-95.13671875,0.22656250000000028
92,9.727941176470589,10.154411764705882,75.08088235294117,0.3207612456747404,0.3207612456747404,0.3207612456747404,1.0,0.11764705882352997,102.54411764705881
93,16.812633832976445,8.22162740899357,70.65310492505353,0.014817147415711523,0.014817147415711523,0.014817147415711523,1.0,0.420235546038544,0.009635974304068443
94,14.716535433070867,8.503937007874004,28.537182852143477,0.014928035956289845,0.014928035956289845,0.014928035956289845,1.0,-0.2244094488188975,0.05774278215223093
95,9.124223602484472,21.493788819875775,46.4472049689441,0.018913652417488713,0.018913652417488713,0.018913652417488713,1.0,-0.5916149068322978,-109.84472049689437
96,18.280476626947742,13.670027497708524,27.41888175985334,0.014334753149655918,0.014334753149655918,0.014334753149655918,1.0,0.2057745187901009,0.14940421631530737
97,14.54585152838428,14.589519650655022,78.9344978165939,0.02447127322544733,0.02447127322544733,0.02447127322544733,1.0,-54.25982532751092,-98.66812227074236
98,16.416107382550337,15.40268456375839,73.38926174496643,0.6950651401500197,0.6950651401500197,0.6950651401500197,1.0,-94.66778523489933,-1.9395973154362414
99,8.698275862068964,17.114942528735632,45.41954022988506,0.01896551724137928,0.01896551724137928,0.01896551724137928,1.0,0.9195402298850578,65.26436781609195
100,5.036324786324782,2.478632478632475,15.504273504273499,0.07238143120496057,0.07238143120496057,0.07238143120496057,1.0,-0.6420940170940171,-4.198717948717948
101,8.879999999999999,17.912727272727274,45.99272727272727,0.6453048128342246,0.6453048128342246,0.6453048128342246,1.0,-1.2290909090909086,0.5836363636363635
102,15.950617283950617,15.683127572016462,26.07818930041152,0.019898329702251236,0.019898329702251236,0.019898329702251236,1.0,-54.65637860082303,62.91769547325105
103,13.748466257668712,12.975460122699387,22.803680981595093,0.2852640442680139,0.2852640442680139,0.2852640442680139,1.0,101.13496932515338,0.44171779141104367
104,13.985148514851485,16.0,18.78217821782178,0.01863715783343038,0.01863715783343038,0.01863715783343038,1.0,105.11386138613862,-57.3910891089109
105,8.730923694779117,9.204819277108435,18.658634538152608,0.3573982203323095,0.3573982203323095,0.3573982203323095,1.0,-0.8152610441767066,-0.7269076305220884
106,10.601941747572814,18.100323624595468,17.16828478964402,0.01840218287962432,0.01840218287962432,0.01840218287962432,1.0,-72.1051779935275,-1.666666666666667
107,11.603730921424535,2.2385528547201936,59.71905031091011,0.015537747037763741,0.015537747037763741,0.015537747037763741,1.0,0.03278688524590174,0.23798756359525136
108,18.79746835443038,9.367088607594937,77.69620253164558,0.890146438322164,0.890146438322164,0.890146438322164,1.0,108.30379746835442,-108.36075949367091
109,10.932960893854748,20.49720670391061,14.74301675977653,0.020768977982254327,0.020768977982254327,0.020768977982254327,1.0,-106.79888268156425,107.69832402234636
110,8.862642169728785,16.62029746281715,89.18635170603675,0.015682843566122942,0.015682843566122942,0.015682843566122942,1.0,0.3692038495188102,-0.18897637795275607
111,9.561068702290076,9.045801526717558,46.103053435114504,0.23878161951803617,0.23878161951803617,0.23878161951803617,1.0,0.28053435114503816,1.2003816793893127
112,1.508512213175404,1.9133974833456762,90.56920799407847,0.014728378397991418,0.014728378397991418,0.014728378397991418,1.0,0.20392301998519627,0.19282013323464098
113,14.054263565891473,18.271317829457363,75.1937984496124,0.620671834625323,0.620671834625323,0.620671834625323,1.0,56.93023255813954,3.6007751937984502
114,25.715415019762837,25.317786561264853,69.90118577075098,0.014843059753545773,0.014843059753545773,0.014843059753545773,1.0,0.015019762845849851,0.23083003952569187
115,17.801822323462414,19.64236902050114,83.24373576309794,0.01767832417705127,0.01767832417705127,0.01767832417705127,1.0,-0.2391799544419133,-64.30296127562642
116,12.730612244897959,20.526530612244912,24.616326530612216,0.8838095238095242,0.8838095238095242,0.8838095238095242,1.0,0.33469387755102076,111.34693877551018
117,6.086466165413542,17.449248120300755,9.017857142857139,0.019077104526020974,0.019077104526020974,0.019077104526020974,1.0,0.4642857142857144,0.15601503759398483
118,17.03921568627451,6.8431372549019605,24.031372549019604,0.01611687812379857,0.01611687812379857,0.01611687812379857,1.0,110.08039215686276,-111.46078431372551
119,20.598039215686274,9.0359477124183,56.15686274509804,0.0199410483147507,0.0199410483147507,0.0199410483147507,1.0,-74.52941176470588,-0.7434640522875817
120,25.026692708333314,1.8925781250000018,24.607421875000004,0.015647977941176575,0.015647977941176575,0.015647977941176575,1.0,0.13867187500000006,-0.06673177083333341
121,8.788235294117648,18.83529411764706,24.447058823529407,0.8941637831603229,0.8941637831603229,0.8941637831603229,1.0,-107.85882352941174,104.08235294117645
122,21.507462686567166,21.582089552238802,76.06716417910448,0.8852209540532631,0.8852209540532631,0.8852209540532631,1.0,-109.54477611940295,-111.9850746268656
123,13.839285714285714,15.142857142857142,19.741071428571438,0.8834033613445376,0.8834033613445376,0.8834033613445376,1.0,-60.94419642857141,0.6874999999999998
124,22.86096256684491,14.962566844919786,79.27540106951871,0.9258991297053579,0.9258991297053579,0.9258991297053579,1.0,-0.19919786096256706,1.1122994652406422
125,18.05517826825126,13.686757215619695,70.89898132427844,0.015330070907819918,0.015330070907819918,0.015330070907819918,1.0,0.12563667232597622,0.018251273344651875
126,5.966666666666693,10.577777777777778,83.36666666666667,0.9376579520697168,0.9376579520697168,0.9376579520697168,1.0,0.5541666666666666,-0.5222222222222224
127,6.309973045822101,9.215633423180595,80.73045822102426,0.017768616880714558,0.017768616880714558,0.017768616880714558,1.0,49.00943396226415,0.26145552560646945
128,1.8924661944623118,11.024468770122345,23.698647778493243,0.016539777533679342,0.016539777533679342,0.016539777533679342,1.0,-0.275273663876368,-0.09690920798454612
129,17.961937716262973,16.318339100346023,86.2318339100346,0.022050342628400832,0.022050342628400832,0.022050342628400832,1.0,1.3339100346020762,101.71799307958479
130,18.881188118811878,19.042079207920793,81.0990099009901,0.019666084255484398,0.019666084255484398,0.019666084255484398,1.0,-66.96163366336633,-0.6472772277227717
131,14.371134020618557,24.340206185567002,73.48247422680411,0.07066100667070947,0.07066100667070947,0.07066100667070947,1.0,0.47525773195876286,3.453608247422681
132,18.48148148148148,9.337448559670783,53.901234567901234,0.3943516501250707,0.3943516501250707,0.3943516501250707,1.0,0.6604938271604944,0.3806584362139917
133,2.3843807199511797,21.097010372178175,64.83160463697376,0.013678833339315105,0.013678833339315105,0.013678833339315105,1.0,0.1668700427089688,-0.03721781574130576
134,13.559386973180077,23.2145593869732,77.4904214559387,0.8990459018856589,0.8990459018856589,0.8990459018856589,1.0,-1.0383141762452104,-110.45785440613027
135,14.166666666666666,13.816666666666666,20.283333333333346,0.33461873638344225,0.33461873638344225,0.33461873638344225,1.0,-100.05277777777779,3.4138888888888896
136,6.068887206661631,25.18168054504167,32.861468584405756,0.0142197681495006,0.0142197681495006,0.0142197681495006,1.0,-0.08364875094625282,-0.23656320968962918
137,13.157205240174672,12.074235807860262,10.89519650655022,0.019573593629591574,0.019573593629591574,0.019573593629591574,1.0,-107.34934497816595,-109.02183406113537
138,13.458823529411765,13.83529411764706,20.776470588235295,0.4680968858131488,0.4680968858131488,0.4680968858131488,1.0,99.56470588235294,78.0235294117647
139,11.356959863364647,9.660119555935093,71.6601195559351,0.014460575007116505,0.014460575007116505,0.014460575007116505,1.0,-0.0888129803586678,0.22544833475661852
140,6.682634730538922,17.326347305389223,12.850299401197603,0.022613596336738262,0.022613596336738262,0.022613596336738262,1.0,50.56586826347304,-0.3008982035928142
141,9.517341040462426,8.179190751445086,36.24277456647399,0.022146662133061296,0.022146662133061296,0.022146662133061296,1.0,0.18930635838150264,77.84682080924854
142,8.86,21.205,82.6525,0.01512745098039217,0.01512745098039217,0.01512745098039217,1.0,0.35625,-103.51499999999999
143,10.258426966292134,21.772471910112372,51.924157303370784,0.8293677021370343,0.8293677021370343,0.8293677021370343,1.0,2.4410112359550555,0.5730337078651685
144,21.62043795620437,16.442127215849847,56.200208550573514,0.015584043836512781,0.015584043836512781,0.015584043836512781,1.0,0.021376433785192942,0.19238790406673634
145,19.77142857142857,7.903571428571428,52.05,0.018053221288515386,0.018053221288515386,0.018053221288515386,1.0,-39.22678571428571,0.11428571428571428
146,21.57646116893514,24.82065652522021,7.5268214571657595,0.01323097693841356,0.01323097693841356,0.01323097693841356,1.0,0.11168935148118508,-0.22297838270616505
147,10.024630541871922,5.652709359605909,14.502463054187196,0.017299333526514027,0.017299333526514027,0.017299333526514027,1.0,0.16995073891625656,106.45320197044333
148,15.490909090909092,7.775757575757577,51.59090909090909,0.017088532382649985,0.017088532382649985,0.017088532382649985,1.0,107.09545454545454,-0.2606060606060606
149,14.995364238410598,2.245033112582787,25.672847682119205,0.012967147123750272,0.012967147123750272,0.012967147123750272,1.0,-0.025165562913907192,0.18576158940397353
150,20.190721649484544,14.371134020618557,79.1958762886598,0.9198908429351123,0.9198908429351123,0.9198908429351123,1.0,111.33762886597933,2.6030927835051543
151,1.740530303030308,6.013257575757571,69.86363636363636,0.0662730243612596,0.0662730243612596,0.0662730243612596,1.0,-5.211174242424244,0.07670454545454523
152,5.855643044619427,18.79527559055118,16.4750656167979,0.018959394781534633,0.018959394781534633,0.018959394781534633,1.0,109.17322834645668,0.40944881889763785
153,24.759354365370495,5.426999266324271,91.02787967718271,0.012645116740753637,0.012645116740753637,0.012645116740753637,1.0,-0.05979457079970659,0.002201027146001358
154,8.127118644067796,14.11864406779661,78.78813559322033,0.7461282818212029,0.7461282818212029,0.7461282818212029,1.0,97.22881355932205,-3.7203389830508464
155,13.259938837920489,17.409785932721714,15.899082568807344,0.018936259519098123,0.018936259519098123,0.018936259519098123,1.0,77.20336391437309,-0.4602446483180427
156,17.357798165137616,9.064220183486238,86.38532110091742,0.514660910235654,0.514660910235654,0.514660910235654,1.0,0.6009174311926604,1.1032110091743117
157,9.478527607361963,14.914110429447852,84.03067484662577,0.021316011067003454,0.021316011067003454,0.021316011067003454,1.0,-106.10122699386504,-106.5705521472393
158,12.244047619047619,17.229166666666668,76.66964285714286,0.018662464985994373,0.018662464985994373,0.018662464985994373,1.0,105.18154761904762,-0.1339285714285713
159,17.04270462633452,8.665480427046266,81.60854092526691,0.2737422371083664,0.2737422371083664,0.2737422371083664,1.0,-1.343416370106761,-1.6992882562277583
160,25.637702503681872,3.07142857142858,40.6141384388807,0.014262612261399507,0.014262612261399507,0.014262612261399507,1.0,0.06369661266568528,0.15463917525773196
161,2.3977512297961923,25.321152494729482,6.62122276879829,0.014476458186929109,0.014476458186929109,0.014476458186929109,1.0,-0.051300070274068806,0.2663387210119465
162,13.04040404040404,12.323232323232324,73.92424242424242,0.5128738364032481,0.5128738364032481,0.5128738364032481,1.0,107.40404040404042,0.3358585858585859
163,8.961218836565097,20.196675900277008,83.02493074792244,0.022171527890934767,0.022171527890934767,0.022171527890934767,1.0,0.32686980609418304,-43.70083102493075
164,1.9540942928039513,6.9230769230769065,57.588709677419345,0.011351140952659086,0.011351140952659086,0.011351140952659086,1.0,0.8532878411910668,0.2543424317617865
165,25.4406896551724,12.840689655172413,55.90344827586206,0.014374577417173864,0.014374577417173864,0.014374577417173864,1.0,0.3817241379310347,-0.1527586206896553
166,14.944370860927153,1.9927152317880807,8.227814569536427,0.014208544344890356,0.014208544344890356,0.014208544344890356,1.0,-0.05894039735099324,0.16986754966887418
167,12.843137254901961,15.509803921568627,46.61764705882353,0.7802383698577471,0.7802383698577471,0.7802383698577471,1.0,71.59313725490195,-85.27450980392157
168,18.155063291139243,10.575949367088608,43.15822784810126,0.019446512782328104,0.019446512782328104,0.019446512782328104,1.0,0.7009493670886077,-38.86867088607595
169,17.06666666666667,17.973333333333333,16.010000000000005,0.016405228758169896,0.016405228758169896,0.016405228758169896,1.0,108.94166666666668,-0.6349999999999999
170,18.118181818181817,9.186363636363637,16.195454545454545,0.46160427807486637,0.46160427807486637,0.46160427807486637,1.0,0.6113636363636363,-0.3977272727272729
171,10.181034482758621,18.054597701149426,82.3764367816092,0.01734279918864097,0.01734279918864097,0.01734279918864097,1.0,-41.66522988505748,-0.4339080459770113
172,17.20911528150134,5.825737265415541,85.45040214477213,0.9387478315723075,0.9387478315723075,0.9387478315723075,1.0,0.5563002680965148,1.5589812332439674
173,17.5761316872428,14.20164609053498,76.65843621399176,0.019930605987250855,0.019930605987250855,0.019930605987250855,1.0,107.81687242798357,109.8312757201646
174,9.88404452690167,19.771799628942485,54.83766233766234,0.01649023245661907,0.01649023245661907,0.01649023245661907,1.0,-0.3520408163265303,-0.35853432282003694
175,21.53020134228188,13.369127516778523,71.69127516778524,0.02110804053164886,0.02110804053164886,0.02110804053164886,1.0,-104.47315436241611,94.90604026845638
176,17.920227920227923,17.205128205128204,54.74928774928775,0.020289369308977095,0.020289369308977095,0.020289369308977095,1.0,0.48005698005698005,106.40883190883193
177,16.651515151515152,6.742424242424235,47.118686868686865,0.8164190928896811,0.8164190928896811,0.8164190928896811,1.0,-1.335858585858586,0.4646464646464646
178,24.832428238944914,21.52598913886735,91.39022498060513,0.014411536530826552,0.014411536530826552,0.014411536530826552,1.0,-0.10395655546935559,-0.14429790535298676
179,16.859416445623342,17.03978779840849,86.57294429708223,0.014323607427055712,0.014323607427055712,0.014323607427055712,1.0,-111.49071618037132,1.66445623342175
180,14.554054054054054,15.067567567567568,26.858108108108105,0.2659777424483307,0.2659777424483307,0.2659777424483307,1.0,-0.6317567567567562,-104.03378378378378
181,18.3781512605042,13.176470588235293,69.07563025210084,0.46426099851705394,0.46426099851705394,0.46426099851705394,1.0,0.7436974789915971,100.94957983193277
182,17.144117647058824,21.132352941176478,14.735294117647065,0.8234256055363319,0.8234256055363319,0.8234256055363319,1.0,0.6544117647058825,-0.6147058823529411
183,17.81645569620253,21.658227848101262,52.56962025316456,0.015884834946636853,0.015884834946636853,0.015884834946636853,1.0,0.4620253164556968,-109.34968354430382
184,18.257668711656443,10.889570552147239,41.96319018404908,0.022278359196439293,0.022278359196439293,0.022278359196439293,1.0,-106.79754601226993,-108.49693251533743
185,7.181102362204722,11.175853018372704,50.56430446194226,0.018568267201893862,0.018568267201893862,0.018568267201893862,1.0,70.76902887139109,0.29396325459317585
186,17.976331360946745,5.272189349112425,80.65384615384616,0.018517229376957878,0.018517229376957878,0.018517229376957878,1.0,-0.2707100591715976,110.30325443786984
187,12.97407147862649,24.88507358093907,58.631394533987375,0.012833724940571986,0.012833724940571986,0.012833724940571986,1.0,-0.12718990889978946,-0.3742116327960757
188,8.81818181818182,18.663636363636364,82.87878787878788,0.016054664289958387,0.016054664289958387,0.016054664289958387,1.0,-104.71818181818178,-0.36666666666666664
189,11.88679245283019,8.08805031446541,22.40880503144654,0.6675052410901468,0.6675052410901468,0.6675052410901468,1.0,87.27358490566039,-0.8459119496855341
190,1.4399399399399169,1.9804804804804856,8.561561561561568,0.012656774421480402,0.012656774421480402,0.012656774421480402,1.0,0.044294294294294295,0.17792792792792783
191,11.194117647058823,11.282352941176471,27.447058823529414,0.3855132641291811,0.3855132641291811,0.3855132641291811,1.0,-2.2323529411764698,56.40882352941178
192,7.339522546419096,18.079575596816976,46.50663129973475,0.01875487595568731,0.01875487595568731,0.01875487595568731,1.0,43.75066312997346,-0.4058355437665779
193,1.9324618736383279,16.819898329702255,58.339143064633255,0.014478761729819115,0.014478761729819115,0.014478761729819115,1.0,0.0018155410312274676,0.18409586056644878
194,1.7718236819360307,11.616248919619705,91.80293863439934,0.014306777162031672,0.014306777162031672,0.014306777162031672,1.0,0.23336214347450313,0.03284356093344856
195,19.0788643533123,9.602523659305994,18.839116719242902,0.01858106018432608,0.01858106018432608,0.01858106018432608,1.0,-37.37066246056782,0.5772870662460567
196,17.019607843137255,17.486928104575163,51.23529411764706,0.01692938613353838,0.01692938613353838,0.01692938613353838,1.0,42.06209150326797,-0.4754901960784314
197,10.67040149393091,11.679738562091504,39.71241830065359,0.015558118672305582,0.015558118672305582,0.015558118672305582,1.0,0.07843137254901966,-0.3384687208216621
198,17.638297872340424,18.138297872340427,77.36170212765958,0.8972048393825615,0.8972048393825615,0.8972048393825615,1.0,101.86170212765954,97.12234042553195
199,19.826470588235296,9.023529411764706,82.27941176470588,0.7894694348327568,0.7894694348327568,0.7894694348327568,1.0,0.48529411764705865,-1.0779411764705882
200,2.0143149284253408,16.14246762099523,25.83299250170415,0.013748212304690213,0.013748212304690213,0.013748212304690213,1.0,0.16496250852079095,-0.015337423312883423
201,20.7550432276657,17.835734870317005,47.56772334293948,0.7969825394134595,0.7969825394134595,0.7969825394134595,1.0,-0.706051873198847,-0.28674351585014424
202,25.452464788732385,1.2940140845070438,56.27200704225352,0.013086854460093972,0.013086854460093972,0.013086854460093972,1.0,0.08010563380281704,0.3336267605633798
203,12.972527472527473,13.67032967032967,82.06043956043956,0.46554621848739497,0.46554621848739497,0.46554621848739497,1.0,0.4725274725274732,-57.91483516483518
204,18.922222222222224,4.577777777777767,73.52222222222221,0.015497458242556314,0.015497458242556314,0.015497458242556314,1.0,-110.21851851851851,111.52222222222221
205,13.204545454545455,13.414772727272728,18.943181818181813,0.5404857397504457,0.5404857397504457,0.5404857397504457,1.0,-57.19034090909091,-1.0568181818181812
206,7.703007518796992,22.244360902255643,74.78571428571428,0.014049830458499252,0.014049830458499252,0.014049830458499252,1.0,111.95112781954884,-110.94924812030078
207,13.029154518950438,18.897959183673468,12.501457725947517,0.01778997313210999,0.01778997313210999,0.01778997313210999,1.0,-109.64431486880463,0.23760932944606422
208,14.61352657004831,7.342995169082119,14.830917874396135,0.8871270247229327,0.8871270247229327,0.8871270247229327,1.0,-0.391304347826087,-110.2415458937198
209,17.298666666666666,18.583999999999996,39.983999999999995,0.01973333333333331,0.01973333333333331,0.01973333333333331,1.0,-0.13333333333333303,-76.42933333333333
210,9.19496855345912,17.138364779874216,73.08805031446542,0.7070168948082376,0.7070168948082376,0.7070168948082376,1.0,-0.8679245283018867,-91.72012578616352
211,6.827814569536424,21.94701986754967,22.615894039735092,0.8937540579145568,0.8937540579145568,0.8937540579145568,1.0,109.91059602649007,-111.15231788079473
212,10.246376811594203,10.292753623188407,48.333333333333336,0.018221085535663525,0.018221085535663525,0.018221085535663525,1.0,-38.03913043478262,-0.039130434782608525
213,9.919159256265159,1.505254648342767,90.7057396928052,0.015030037884191758,0.015030037884191758,0.015030037884191758,1.0,-0.1422797089733225,0.21301535974130958
214,9.930147058823529,17.389705882352942,50.474264705882355,0.4278402537485583,0.4278402537485583,0.4278402537485583,1.0,1.115808823529412,-0.09926470588235292
215,11.94260485651214,14.2682119205298,23.49779249448123,0.015868069081937455,0.015868069081937455,0.015868069081937455,1.0,0.13465783664459163,0.34768211920529757
216,25.246365105008067,9.497576736672045,90.70597738287562,0.01331052614907037,0.01331052614907037,0.01331052614907037,1.0,-0.18618739903069484,-0.012116316639741505
217,16.50599858856739,24.94918842625269,73.41496118560337,0.008640181548978207,0.008640181548978207,0.008640181548978207,1.0,-0.1125617501764289,-0.44460127028934376
218,8.980952380952381,21.152380952380966,82.51904761904761,0.9426890756302527,0.9426890756302527,0.9426890756302527,1.0,0.8619047619047621,1.453571428571429
219,15.310144927536232,17.208695652173915,47.44347826086956,0.015527138391588521,0.015527138391588521,0.015527138391588521,1.0,-111.05217391304349,0.6420289855072465
220,15.549528301886792,5.224056603773587,15.488207547169814,0.9414076951535331,0.9414076951535331,0.9414076951535331,1.0,0.8879716981132074,0.06132075471698091
221,19.936962750716333,18.04297994269341,39.78223495702006,0.020428113938985318,0.020428113938985318,0.020428113938985318,1.0,-72.4512893982808,-0.34097421203438383
222,17.60987654320988,19.175308641975306,13.723456790123457,0.016732026143790865,0.016732026143790865,0.016732026143790865,1.0,-0.13827160493827115,-46.440740740740736
223,20.16104078762305,1.946554149085797,75.35724331926863,0.009525385400292435,0.009525385400292435,0.009525385400292435,1.0,0.06680731364275673,0.6867088607594933
224,17.842058562555447,13.118012422360248,46.045252883762195,0.012972145379891178,0.012972145379891178,0.012972145379891178,1.0,0.031499556344276834,0.12866015971606043
225,8.70487106017192,11.492836676217765,46.796561604584525,0.016124501376481817,0.016124501376481817,0.016124501376481817,1.0,-0.3424068767908307,-49.5214899713467
226,19.833641404805903,10.493530499075785,89.41866913123845,0.01565727954767865,0.01565727954767865,0.01565727954767865,1.0,0.21395563770794843,-0.02680221811460253
227,2.7131313131313135,20.836363636363636,85.7010101010101,0.06957417310358482,0.06957417310358482,0.06957417310358482,1.0,-2.7717171717171727,0.04343434343434355
228,13.123398516520567,24.871881321645354,7.89345920431559,0.014015046342205212,0.014015046342205212,0.014015046342205212,1.0,-0.20667565745111244,-0.1476736345246125
229,18.126470588235293,9.788235294117648,72.31470588235294,0.02194925028835064,0.02194925028835064,0.02194925028835064,1.0,-0.47058823529411736,-71.17647058823529
230,19.32801276935355,18.76536312849163,34.79489225857941,0.01616825501150168,0.01616825501150168,0.01616825501150168,1.0,-0.1648044692737425,0.18954509177972878
231,20.20809248554913,18.338150289017342,12.9942196531792,0.018882466281310184,0.018882466281310184,0.018882466281310184,1.0,-48.24132947976878,-0.09971098265895981
232,2.2742701968771133,5.232179226069249,40.59334691106585,0.01539342145547977,0.01539342145547977,0.01539342145547977,1.0,0.15919891378139908,-0.06720977596741336
233,12.0,26.999999999999996,51.108108108108105,0.8984631690514044,0.8984631690514044,0.8984631690514044,1.0,0.7972972972972976,224.91891891891896
234,8.01760563380282,11.401408450704226,17.781690140845075,0.017094725214029258,0.017094725214029258,0.017094725214029258,1.0,-108.76232394366197,-0.26408450704225367
235,13.02030456852792,12.096446700507615,75.2741116751269,0.49186821936896585,0.49186821936896585,0.49186821936896585,1.0,-1.807106598984771,54.131979695431475
236,9.315789473684209,6.6315789473684195,12.418282548476455,0.01705502145456521,0.01705502145456521,0.01705502145456521,1.0,-0.3005540166204984,53.80886426592798
237,20.81747787610619,8.683628318584066,22.575221238938052,0.015408641332639278,0.015408641332639278,0.015408641332639278,1.0,0.1067477876106193,-0.3700221238938051
238,12.868263473053892,17.443113772455092,65.1377245508982,0.8587765645180229,0.8587765645180229,0.8587765645180229,1.0,-54.67365269461078,-1.3832335329341319
239,17.47854785478548,9.92079207920792,17.303630363036305,0.6736814857956385,0.6736814857956385,0.6736814857956385,1.0,-2.838283828382838,-0.0264026402640263
240,19.260377358490565,9.128301886792453,86.12830188679246,0.017580466148723634,0.017580466148723634,0.017580466148723634,1.0,-76.9698113207547,0.3377358490566039
241,24.951282051282035,15.962179487179489,72.23910256410257,0.014223227752639594,0.014223227752639594,0.014223227752639594,1.0,-0.5503205128205126,-0.03621794871794885
242,24.982758620689644,17.104086845466163,24.333971902937417,0.01434653043848455,0.01434653043848455,0.01434653043848455,1.0,0.02618135376756068,0.061302681992337085
243,17.84109589041096,7.071232876712327,53.36164383561644,0.019113618049959702,0.019113618049959702,0.019113618049959702,1.0,-1.3397260273972602,45.48219178082192
244,13.171052631578947,12.592105263157896,21.539473684210535,0.4672084623323014,0.4672084623323014,0.4672084623323014,1.0,-1.2927631578947358,103.77960526315789
245,12.829787234042554,8.5,23.154255319148938,0.020337922403003708,0.020337922403003708,0.020337922403003708,1.0,65.71808510638299,77.39095744680851
246,9.288135593220339,10.315254237288137,15.138983050847457,0.017932868062479207,0.017932868062479207,0.017932868062479207,1.0,0.2644067796610171,-36.98305084745763
247,12.661904761904761,13.176190476190476,61.09047619047619,0.01464052287581695,0.01464052287581695,0.01464052287581695,1.0,53.002380952380946,105.45
248,13.117006802721088,1.9149659863945718,42.86190476190475,0.014008269974656623,0.014008269974656623,0.014008269974656623,1.0,-0.022789115646258625,0.2942176870748303
249,18.323899371069185,7.562893081761006,83.6006289308176,0.023245776297940543,0.023245776297940543,0.023245776297940543,1.0,-0.5503144654088045,70.14150943396227
250,14.0,27.000000000000004,44.06896551724138,0.013387423935091236,0.013387423935091236,0.013387423935091236,1.0,-0.5689655172413793,-223.06896551724128
251,18.25263157894737,18.02456140350877,77.46666666666667,0.6614241486068113,0.6614241486068113,0.6614241486068113,1.0,-2.8824561403508775,0.18070175438596503
252,21.164037854889592,8.447949526813883,83.81388012618297,0.019521246984598215,0.019521246984598215,0.019521246984598215,1.0,-112.76025236593058,0.10725552050473185
253,2.1039794608472278,11.962130937098845,58.24326059050063,0.014938709758614707,0.014938709758614707,0.014938709758614707,1.0,0.36681643132220837,-0.05551989730423634
254,2.1398135818908006,25.37283621837554,59.19374167776297,0.014440876217331242,0.014440876217331242,0.014440876217331242,1.0,0.0469374167776299,-0.315912117177097
255,24.96805111821085,1.5335463258785982,7.9009584664536945,0.015160057633277033,0.015160057633277033,0.015160057633277033,1.0,0.1118210862619809,0.025559105431309917
256,17.535971223021583,14.13309352517986,26.179856115107913,0.02038369304556356,0.02038369304556356,0.02038369304556356,1.0,108.31474820143886,110.12949640287768
257,18.292253521126764,18.281690140845072,22.922535211267608,0.3477078155205744,0.3477078155205744,0.3477078155205744,1.0,0.18309859154929622,-0.35915492957746464
258,16.754716981132077,10.138364779874214,29.93081761006289,0.6761376248612653,0.6761376248612653,0.6761376248612653,1.0,-0.40880503144654107,98.08176100628931
259,12.95539033457249,12.118959107806692,74.69888475836431,0.020103506086449438,0.020103506086449438,0.020103506086449438,1.0,-76.4795539033457,56.68215613382899
260,9.678321678321678,10.377622377622378,24.65734265734266,0.025915261209378822,0.025915261209378822,0.025915261209378822,1.0,54.72377622377622,-97.49300699300699
261,12.73913043478261,9.217391304347824,27.32298136645963,0.7375715503592741,0.7375715503592741,0.7375715503592741,1.0,-85.76086956521739,-1.4751552795031055
262,8.487364620938628,10.267148014440433,19.23465703971119,0.022028739293551314,0.022028739293551314,0.022028739293551314,1.0,-0.10108303249097476,-109.88808664259929
263,14.986486486486486,7.261261261261251,50.52252252252252,0.8914149443561211,0.8914149443561211,0.8914149443561211,1.0,-0.09234234234234229,-111.61486486486491
264,27.0,14.0,47.65217391304348,0.018584825234441577,0.018584825234441577,0.018584825234441577,1.0,-222.54347826086956,1.1630434782608683
265,7.345833333333332,13.545833333333334,77.59583333333333,0.8865032679738564,0.8865032679738564,0.8865032679738564,1.0,-109.17083333333326,0.7083333333333335
266,10.078880407124682,21.895674300254477,16.750636132315492,0.9395000748390965,0.9395000748390965,0.9395000748390965,1.0,1.0699745547073787,0.7557251908396949
267,9.095940959409594,10.25830258302583,81.33579335793358,0.18302583025830257,0.18302583025830257,0.18302583025830257,1.0,1.1586715867158672,-0.4704797047970478
268,17.056680161943323,6.74493927125506,73.33198380566802,0.013574660633484184,0.013574660633484184,0.013574660633484184,1.0,111.6720647773279,-108.70242914979758
269,18.837890624999986,19.276367187499996,72.19921875000001,0.014499080882353022,0.014499080882353022,0.014499080882353022,1.0,0.173828125,-0.026367187500000187
270,10.869436201780415,4.952522255192877,50.02373887240356,0.01731541281200906,0.01731541281200906,0.01731541281200906,1.0,-0.2640949554896139,111.57863501483679
271,13.489583333333334,13.364583333333334,56.375,0.3532271241830065,0.3532271241830065,0.3532271241830065,1.0,-87.41666666666666,-87.93229166666667
272,9.387811634349028,16.66481994459834,50.82825484764543,0.01870620824507087,0.01870620824507087,0.01870620824507087,1.0,-1.4999999999999996,107.19806094182825
273,1.4474097331239921,16.150706436420723,8.913657770800633,0.014648936497676082,0.014648936497676082,0.014648936497676082,1.0,0.11224489795918378,0.02904238618524327
274,14.850806451612902,15.060483870967742,19.366935483870964,0.025221378874130257,0.025221378874130257,0.025221378874130257,1.0,-92.28830645161293,-55.42540322580645
275,24.561683599419432,6.76995645863569,74.29317851959361,0.012689604143544322,0.012689604143544322,0.012689604143544322,1.0,-0.24818577648766316,-0.0758345428156749
276,20.781859070464755,25.046476761619225,23.637181409295355,0.011885233853661512,0.011885233853661512,0.011885233853661512,1.0,0.06859070464767615,-0.058095952023988
277,21.14666666666667,6.439999999999988,76.12666666666667,0.8879215686274514,0.8879215686274514,0.8879215686274514,1.0,-109.20999999999997,111.19000000000005
278,14.138461538461538,14.192307692307693,42.215384615384615,0.6228054298642534,0.6228054298642534,0.6228054298642534,1.0,-84.1076923076923,-85.00384615384615
279,21.620437956204384,21.540145985401455,17.226277372262757,0.0172606268784887,0.0172606268784887,0.0172606268784887,1.0,-109.6715328467152,-112.22992700729924
280,9.051181102362202,6.2952755905511655,89.87500000000001,0.01331635016211219,0.01331635016211219,0.01331635016211219,1.0,0.15108267716535434,-0.2337598425196853
281,6.546987951807251,18.17590361445783,48.35180722891567,0.9312260807937633,0.9312260807937633,0.9312260807937633,1.0,-1.2481927710843375,-0.23012048192771078
282,18.56426332288401,11.532915360501567,82.73040752351096,0.016829553137869574,0.016829553137869574,0.016829553137869574,1.0,0.2758620689655173,-39.36520376175548
283,9.644268774703557,17.703557312252965,84.39130434782608,0.32319615593272877,0.32319615593272877,0.32319615593272877,1.0,0.6600790513833996,-0.9940711462450595
284,15.039106145251397,13.64804469273743,21.73184357541899,0.024493372768101623,0.024493372768101623,0.024493372768101623,1.0,53.06145251396648,-54.25698324022347
285,17.869281045751634,15.209150326797385,29.503267973856207,0.42429834678969625,0.42429834678969625,0.42429834678969625,1.0,-3.3333333333333326,-60.58823529411764
286,6.0178571428571495,24.325148809523846,17.91145833333331,0.017040149393090648,0.017040149393090648,0.017040149393090648,1.0,0.07440476190476197,-0.3400297619047619
287,20.01494476933072,2.0838206627680336,23.502923976608184,0.013943355119825793,0.013943355119825793,0.013943355119825793,1.0,-0.0451591942820013,0.3622482131254059
288,2.2330640149160867,9.956494717215653,40.635177128651335,0.014545631801508765,0.014545631801508765,0.014545631801508765,1.0,0.21317588564325693,-0.004972032318210001
289,8.157738095238102,6.907738095238083,49.276785714285715,0.93608776844071,0.93608776844071,0.93608776844071,1.0,0.7514880952380955,3.3333333333333326
290,13.504347826086956,10.208695652173914,28.22173913043478,0.018925831202045995,0.018925831202045995,0.018925831202045995,1.0,-59.40434782608695,103.1608695652174
291,7.453038674033153,11.509208103130756,89.39042357274403,0.01378326652944796,0.01378326652944796,0.01378326652944796,1.0,-0.10451197053406978,0.2025782688766114
292,14.044776119402986,8.955223880597014,76.68656716417911,0.3130523851331577,0.3130523851331577,0.3130523851331577,1.0,61.17910447761194,-0.3358208955223881
293,13.674999999999999,15.125,53.9125,0.28754901960784307,0.28754901960784307,0.28754901960784307,1.0,86.13125000000001,-92.5625
294,7.743470149253743,9.475746268656707,55.661380597014926,0.016721539362013538,0.016721539362013538,0.016721539362013538,1.0,-0.0027985074626863723,-0.20662313432835816
295,18.318295739348372,21.090225563909772,15.2406015037594,0.019627500122856134,0.019627500122856134,0.019627500122856134,1.0,-0.032581453634085225,-106.41228070175438
296,17.74320241691843,16.83987915407855,47.00906344410876,0.01953675730110775,0.01953675730110775,0.01953675730110775,1.0,1.2960725075528707,43.75528700906345
297,25.369469026548664,9.210176991150432,42.21386430678465,0.015486725663716894,0.015486725663716894,0.015486725663716894,1.0,-0.09808259587020633,0.1165191740412977
298,10.428284854563692,5.935807422266788,8.230692076228664,0.015985210533561528,0.015985210533561528,0.015985210533561528,1.0,-0.416248746238716,0.4317953861584755
299,11.530520646319571,19.242369838420107,9.963195691202856,0.013507234132432253,0.013507234132432253,0.013507234132432253,1.0,-0.23788150807899455,0.13689407540394982
300,12.278314310798947,18.1747146619842,72.89815627743634,0.014174800736800497,0.014174800736800497,0.014174800736800497,1.0,-0.16066725197541698,-0.4218612818261632
301,13.379999999999999,12.290000000000001,74.08500000000001,0.7910588235294118,0.7910588235294118,0.7910588235294118,1.0,-2.545000000000001,57.435
302,20.152173913043487,14.23913043478261,18.217391304347824,0.8983589087809037,0.8983589087809037,0.8983589087809037,1.0,107.82336956521738,-0.7880434782608695
303,12.914634146341463,12.75609756097561,35.53658536585366,0.718986131037781,0.718986131037781,0.718986131037781,1.0,70.70121951219511,72.01829268292683
304,15.526170798898072,8.966942148760332,85.63911845730027,0.017349970291146752,0.017349970291146752,0.017349970291146752,1.0,60.05922865013774,-0.04407713498622579
305,13.811742777260019,18.23485554520037,35.91239515377447,0.01701661093141829,0.01701661093141829,0.01701661093141829,1.0,0.21155638397017704,-0.12954333643988825
306,5.880842659644519,2.3818301514154125,59.77024358130348,0.013613187210368097,0.013613187210368097,0.013613187210368097,1.0,0.06846609611586574,-0.09907834101382483
307,19.86206896551724,9.068965517241379,17.87931034482759,0.017552400270452975,0.017552400270452975,0.017552400270452975,1.0,-70.76896551724138,-0.9413793103448278
308,2.6325706594885556,11.84051144010767,7.4131897711978425,0.01404217137729935,0.01404217137729935,0.01404217137729935,1.0,0.09690444145356711,0.03432032301480495
309,25.007042253521114,11.114084507042254,72.54084507042253,0.014465617232808689,0.014465617232808689,0.014465617232808689,1.0,-0.040140845070422475,0.036619718309859106
310,10.071884984025566,11.412140575079873,8.044728434504776,0.015041032387395806,0.015041032387395806,0.015041032387395806,1.0,-0.015974440894568755,0.09384984025559089
311,11.058186738836264,25.01623815967528,24.55142083897158,0.013921833956857546,0.013921833956857546,0.013921833956857546,1.0,-0.1603518267929635,-0.19316644113667142
312,1.3871461361897222,1.5585309869931123,29.213465952563123,0.01339994299173386,0.01339994299173386,0.01339994299173386,1.0,0.03672532517215018,0.23794950267788817
313,15.0,3.552713678800501e-15,56.70967741935484,0.011764705882352913,0.011764705882352913,0.011764705882352913,1.0,-111.87096774193547,229.6774193548387
314,17.681672025723472,17.717041800643088,78.84565916398714,0.01796860223188955,0.01796860223188955,0.01796860223188955,1.0,-3.435691318327975,63.353697749196144
315,7.812389380530981,8.45221238938052,25.14159292035397,0.014339753600555352,0.014339753600555352,0.014339753600555352,1.0,-0.22035398230088493,0.4340707964601774
316,17.0,18.7557003257329,14.224755700325737,0.02524110621447273,0.02524110621447273,0.02524110621447273,1.0,44.54071661237785,0.6530944625407166
317,18.13738019169329,17.85303514376997,70.14376996805112,0.22101108814132678,0.22101108814132678,0.22101108814132678,1.0,-0.039936102236421356,-0.5255591054313099
318,7.081730769230774,15.76442307692308,46.192307692307686,0.014434389140271536,0.014434389140271536,0.014434389140271536,1.0,0.06586538461538473,0.4533653846153846
319,16.37223974763407,7.640378548895901,84.82334384858044,0.017294488773427333,0.017294488773427333,0.017294488773427333,1.0,108.64668769716087,-0.2712933753943218
320,6.102689486552567,19.161369193154034,50.437652811735944,0.016779327868066546,0.016779327868066546,0.016779327868066546,1.0,104.13325183374084,-0.9058679706601468
321,14.6,10.03225806451613,77.7290322580645,0.911878557874763,0.911878557874763,0.911878557874763,1.0,-63.13225806451614,4.419354838709678
322,2.1385154880186903,20.05961426066628,44.58562244301577,0.014682389612770977,0.014682389612770977,0.014682389612770977,1.0,-0.005844535359438947,0.1534190531852716
323,12.827380952380953,13.43452380952381,21.21428571428572,0.35889355742296913,0.35889355742296913,0.35889355742296913,1.0,55.63392857142858,-1.2916666666666665
324,10.111888111888113,21.286713286713287,82.15384615384616,0.016536404771698876,0.016536404771698876,0.016536404771698876,1.0,-111.17132867132867,108.95804195804195
325,1.7945098039215477,5.722352941176456,75.69176470588235,0.007021914648212335,0.007021914648212335,0.007021914648212335,1.0,0.9956862745098038,-0.07450980392156865
326,9.114285714285714,12.492857142857144,78.77142857142857,0.01843137254901958,0.01843137254901958,0.01843137254901958,1.0,62.19285714285715,-96.74642857142857
327,18.724637681159418,6.953623188405797,47.67246376811594,0.01586814435919294,0.01586814435919294,0.01586814435919294,1.0,-0.034782608695652056,91.39855072463769
328,17.586776859504127,21.74104683195595,47.78512396694215,0.9439853076216717,0.9439853076216717,0.9439853076216717,1.0,1.4159779614325072,-0.662534435261708
329,11.202569169960473,21.575098814229253,90.74703557312253,0.015562272339766023,0.015562272339766023,0.015562272339766023,1.0,0.11808300395256933,-0.07954545454545452
330,17.681208053691275,9.79530201342282,51.81879194630872,0.5995920515857349,0.5995920515857349,0.5995920515857349,1.0,-0.5771812080536909,-0.3724832214765097
331,1.7255611875452388,25.36133236784942,23.677045619116587,0.01468955431557134,0.01468955431557134,0.01468955431557134,1.0,0.08544532947139752,0.10608254887762485
332,11.0,26.999999999999996,52.78378378378378,0.00985691573926864,0.00985691573926864,0.00985691573926864,1.0,112.04054054054053,-224.2702702702703
333,17.72784810126582,15.645569620253166,70.48101265822785,0.019434102755026023,0.019434102755026023,0.019434102755026023,1.0,66.11075949367088,-100.4620253164557
334,6.224637681159418,21.57971014492753,74.03623188405797,0.899062233589088,0.899062233589088,0.899062233589088,1.0,111.44202898550724,-111.71739130434787
335,15.19078947368421,11.592105263157896,80.05263157894737,0.8657636738906087,0.8657636738906087,0.8657636738906087,1.0,64.10526315789474,-0.5131578947368416
336,10.369426751592357,13.955414012738853,72.59872611464968,0.6448607468465092,0.6448607468465092,0.6448607468465092,1.0,1.3248407643312108,95.53821656050955
337,13.12912912912913,11.068068068068069,89.94994994994997,0.016337906533985008,0.016337906533985008,0.016337906533985008,1.0,0.09659659659659676,-0.05305305305305316
338,12.52112676056338,13.206572769953052,74.29107981220658,0.018024486790021124,0.018024486790021124,0.018024486790021124,1.0,105.13145539906105,57.910798122065735
339,13.098901098901099,11.956043956043956,73.97802197802199,0.5385046326222798,0.5385046326222798,0.5385046326222798,1.0,101.88461538461539,70.75824175824175
340,23.61714285714284,14.245714285714286,82.39428571428573,0.8887170868347337,0.8887170868347337,0.8887170868347337,1.0,-109.37428571428573,-2.091428571428571
341,25.033469945355176,25.507513661202225,90.24248633879782,0.015263045108753981,0.015263045108753981,0.015263045108753981,1.0,-0.067622950819672,0.05430327868852457
342,17.706106870229007,18.958015267175572,24.78244274809161,0.5968268223319861,0.5968268223319861,0.5968268223319861,1.0,-1.448473282442748,-0.8797709923664123
343,25.025621118012406,1.4285714285714288,90.7663043478261,0.014276580197296385,0.014276580197296385,0.014276580197296385,1.0,-0.27212732919254645,0.1661490683229816
344,21.021806853582547,6.909657320872263,41.98338525441329,0.015519312605623836,0.015519312605623836,0.015519312605623836,1.0,-0.10591900311526481,0.35929387331256485
345,6.4416243654822365,6.477157360406087,23.934010152284255,0.01407385289141043,0.01407385289141043,0.01407385289141043,1.0,107.60913705583754,109.0406091370558
346,25.5099715099715,20.187321937321936,59.35612535612535,0.014993575777889581,0.014993575777889581,0.014993575777889581,1.0,-0.04985754985754998,0.03739316239316241
347,9.614754098360656,21.163934426229506,14.740437158469952,0.016704168006000192,0.016704168006000192,0.016704168006000192,1.0,0.04508196721311473,-101.84699453551909
348,14.343023255813954,14.313953488372093,21.529069767441854,0.24740082079343362,0.24740082079343362,0.24740082079343362,1.0,0.2790697674418614,89.49709302325579
349,15.047752808988765,17.193820224719104,84.0252808988764,0.020125578321216128,0.020125578321216128,0.020125578321216128,1.0,35.412921348314605,0.12499999999999974
350,10.63582089552239,6.63283582089552,84.18805970149253,0.014632718759145458,0.014632718759145458,0.014632718759145458,1.0,-0.038805970149253965,40.43283582089553
351,16.049838187702264,24.798705501618166,24.882200647249185,0.014150644076400876,0.014150644076400876,0.014150644076400876,1.0,-0.061165048543689114,-0.2271844660194175
352,14.669856459330143,5.119617224880377,15.205741626794264,0.8900272070550708,0.8900272070550708,0.8900272070550708,1.0,-2.6459330143540676,109.47846889952152
353,16.483870967741936,15.07741935483871,27.51612903225806,0.5903352308665402,0.5903352308665402,0.5903352308665402,1.0,-101.76451612903224,-0.17096774193548392
354,8.801075268817204,16.838709677419356,15.23924731182796,0.017594349567784093,0.017594349567784093,0.017594349567784093,1.0,0.1733870967741937,47.54435483870969
355,9.093189964157705,19.810035842293907,41.111111111111114,0.0197484011525757,0.0197484011525757,0.0197484011525757,1.0,-106.50716845878138,0.5627240143369174
356,10.129991503823279,1.3848768054375533,8.059473237043342,0.013523914238592713,0.013523914238592713,0.013523914238592713,1.0,0.1316907391673747,0.21495327102803752
357,12.011363636363637,14.511363636363637,24.704545454545457,0.8606729055258466,0.8606729055258466,0.8606729055258466,1.0,0.08522727272727354,-57.08806818181817
358,25.261606484893136,11.993367722918201,23.249078850405308,0.01397257502853766,0.01397257502853766,0.01397257502853766,1.0,-0.07295504789977848,0.010685335298452517
359,10.572307692307694,5.793846153846145,83.32,0.8369713423831067,0.8369713423831067,0.8369713423831067,1.0,0.17384615384615404,-0.22000000000000003
360,14.921686746987952,11.228915662650603,24.367469879518072,0.2594849988188046,0.2594849988188046,0.2594849988188046,1.0,-53.316265060240966,-0.42168674698795156
361,9.09765625,8.6640625,75.88671875,0.648498774509804,0.648498774509804,0.648498774509804,1.0,0.42578124999999983,0.10351562500000004
362,25.06881028938905,2.0360128617363404,73.50225080385852,0.012591892062291249,0.012591892062291249,0.012591892062291249,1.0,-0.054019292604501494,0.04019292604501587
363,9.271255060728745,18.453441295546558,13.506072874493931,0.4556005398110661,0.4556005398110661,0.4556005398110661,1.0,0.2530364372469638,0.8157894736842105
364,14.221884498480243,14.075987841945288,73.6565349544073,0.9200071517968892,0.9200071517968892,0.9200071517968892,1.0,0.12310030395136778,0.018237082066869137
365,9.575757575757574,9.565656565656568,78.08080808080808,0.8880174291938997,0.8880174291938997,0.8880174291938997,1.0,-104.95454545454547,-102.71212121212122
366,8.281645569620252,9.54113924050633,23.24367088607595,0.5728220402084885,0.5728220402084885,0.5728220402084885,1.0,1.0522151898734178,1.892405063291139
367,13.878378378378379,12.175675675675675,78.5,0.5765765765765766,0.5765765765765766,0.5765765765765766,1.0,-84.24324324324327,76.77027027027027
368,12.534090909090908,14.806818181818182,32.48295454545455,0.8983065953654189,0.8983065953654189,0.8983065953654189,1.0,62.59943181818181,-0.17329545454545442
369,6.63835616438356,8.200000000000001,24.493150684931503,0.01766317485898468,0.01766317485898468,0.01766317485898468,1.0,43.035616438356165,1.2739726027397258
370,16.272727272727273,14.460606060606061,23.751515151515147,0.6837551990493166,0.6837551990493166,0.6837551990493166,1.0,-1.3484848484848477,-86.45151515151515
371,17.9765625,15.885416666666668,17.302083333333336,0.01833129084967322,0.01833129084967322,0.01833129084967322,1.0,0.36328125000000044,77.73697916666666
372,21.962509563886755,25.235654169854662,61.7796480489671,0.01398202739397221,0.01398202739397221,0.01398202739397221,1.0,0.08990053557765876,0.014537107880642608
373,9.56386292834891,8.725856697819314,14.501557632398757,0.016064992975383274,0.016064992975383274,0.016064992975383274,1.0,-55.03582554517135,-0.5436137071651087
374,9.065830721003135,10.4294670846395,81.61755485893417,0.019460323314278674,0.019460323314278674,0.019460323314278674,1.0,0.05642633228840129,-41.238244514106576
375,14.869565217391305,12.304347826086957,27.42391304347826,0.6583972719522592,0.6583972719522592,0.6583972719522592,1.0,-75.46739130434783,78.66304347826086
376,24.887762490948575,19.871832005792903,7.021723388848656,0.014567448992631155,0.014567448992631155,0.014567448992631155,1.0,-0.0235336712527153,0.07820419985517739
377,16.9054441260745,9.922636103151863,14.547277936962757,0.016922299005562094,0.016922299005562094,0.016922299005562094,1.0,-0.7564469914040112,-104.93553008595988
378,6.158311345646437,9.055408970976254,82.0,0.020652904961456872,0.020652904961456872,0.020652904961456872,1.0,101.32717678100265,0.7453825857519789
379,8.266949152542374,18.923728813559322,37.49576271186441,0.24735792622133598,0.24735792622133598,0.24735792622133598,1.0,-2.489406779661017,0.08898305084745788
380,17.016601562499993,8.38085937499999,8.238281249999993,0.01547181372549028,0.01547181372549028,0.01547181372549028,1.0,0.05419921875,-0.058593749999999875
381,21.03680981595092,21.453987730061357,26.41717791411042,0.8939973535426441,0.8939973535426441,0.8939973535426441,1.0,-107.78527607361963,-109.41104294478534
382,24.814691151919856,21.69866444073456,21.017529215358923,0.0079708010082164,0.0079708010082164,0.0079708010082164,1.0,-0.4912353923205338,0.20701168614357252
383,12.206896551724137,15.182266009852217,24.463054187192114,0.5021539650342897,0.5021539650342897,0.5021539650342897,1.0,104.0073891625616,-1.0123152709359606
384,13.316326530612246,14.612244897959183,27.346938775510207,0.5177671068427371,0.5177671068427371,0.5177671068427371,1.0,84.28061224489795,-81.92857142857142
385,8.932489451476798,19.643459915611814,29.9282700421941,0.016501199635972616,0.016501199635972616,0.016501199635972616,1.0,0.17563291139240508,0.761603375527426
386,16.198900091659027,18.656278643446377,55.21631530705775,0.01562516849086111,0.01562516849086111,0.01562516849086111,1.0,0.13473877176901916,0.0472043996333638
387,24.836032388663952,9.834682860998647,7.270580296896071,0.015329046598396526,0.015329046598396526,0.015329046598396526,1.0,0.12921727395411628,0.01855600539811049
388,10.24552429667519,8.705882352941176,82.82864450127877,0.02004914497768419,0.02004914497768419,0.02004914497768419,1.0,-51.31841432225063,0.6470588235294114
389,11.34090909090909,9.522727272727273,66.65151515151516,0.5489007724301842,0.5489007724301842,0.5489007724301842,1.0,57.31060606060606,-1.4659090909090908
390,2.3043180260452267,16.01987662782728,91.46607265250174,0.013463425123305062,0.013463425123305062,0.013463425123305062,1.0,0.2234407128169979,-0.1970527758738864
391,7.9663212435233115,17.8419689119171,83.63212435233162,0.7937417454028244,0.7937417454028244,0.7937417454028244,1.0,0.27590673575129543,-1.265544041450777
392,22.195568400770707,21.76589595375723,50.93063583815029,0.014828667497827713,0.014828667497827713,0.014828667497827713,1.0,-0.14113680154142583,-0.09682080924855503
393,17.840148698884757,21.702602230483272,84.79925650557621,0.01750856476419564,0.01750856476419564,0.01750856476419564,1.0,-0.15799256505576217,-108.15055762081785
394,25.422745098039204,17.175686274509808,44.832156862745094,0.014151480199923197,0.014151480199923197,0.014151480199923197,1.0,-0.1937254901960783,-0.021568627450980545
395,12.399082568807339,11.522935779816514,23.711009174311926,0.024824608742579565,0.024824608742579565,0.024824608742579565,1.0,-102.02981651376146,59.057339449541296
396,9.869942196531792,18.208092485549134,60.57225433526011,0.019131814575541167,0.019131814575541167,0.019131814575541167,1.0,-68.34104046242776,0.18063583815028927
397,13.992700729927007,13.182481751824819,69.16788321167883,0.925375697724345,0.925375697724345,0.925375697724345,1.0,-6.043795620437955,-63.616788321167874
398,12.414414414414415,13.797297297297298,26.225225225225227,0.016710828475534317,0.016710828475534317,0.016710828475534317,1.0,108.07432432432431,55.664414414414416
399,13.552631578947368,14.342105263157896,26.97368421052632,0.8942002063983487,0.8942002063983487,0.8942002063983487,1.0,0.8894736842105271,59.8078947368421
400,8.329896907216494,20.22938144329897,18.172680412371136,0.021083484940367866,0.021083484940367866,0.021083484940367866,1.0,0.6237113402061859,-50.5180412371134
401,13.368731563421829,8.303834808259587,59.42772861356932,0.018740239458615304,0.018740239458615304,0.018740239458615304,1.0,35.78171091445428,1.3672566371681414
402,21.785816618911163,1.774355300859602,40.13825214899713,0.01443620428113948,0.01443620428113948,0.01443620428113948,1.0,-0.0694842406876791,-0.019699140401146044
403,17.09550561797753,20.02247191011236,51.491573033707866,0.02424542850848202,0.02424542850848202,0.02424542850848202,1.0,0.4424157303370788,-40.67275280898876
404,11.607142857142858,18.669642857142858,71.67857142857143,0.45430672268907557,0.45430672268907557,0.45430672268907557,1.0,-99.79464285714285,-3.0758928571428568
405,18.9390243902439,18.429878048780488,53.728658536585364,0.0167384026781444,0.0167384026781444,0.0167384026781444,1.0,-38.547256097560975,0.36737804878048774
406,12.251851851851852,8.837037037037039,75.77777777777779,0.5864633260711692,0.5864633260711692,0.5864633260711692,1.0,-70.01481481481481,-2.7074074074074073
407,11.12274368231047,24.905415162454915,76.45342960288808,0.010719898067530376,0.010719898067530376,0.010719898067530376,1.0,-0.06823104693140772,-0.6985559566787004
408,21.025612472160347,16.111358574610243,89.36302895322939,0.016926503340757307,0.016926503340757307,0.016926503340757307,1.0,-0.41369710467706017,-0.6314031180400891
409,19.314814814814817,9.811111111111112,16.62592592592592,0.017821350762527194,0.017821350762527194,0.017821350762527194,1.0,108.90185185185183,0.5888888888888889
410,4.19323671497583,14.144927536231885,71.65700483091787,0.9144453916832438,0.9144453916832438,0.9144453916832438,1.0,108.8188405797101,-0.3333333333333331
411,13.946428571428571,15.491071428571429,76.46875,0.021901260504201644,0.021901260504201644,0.021901260504201644,1.0,-99.02455357142857,-54.35044642857143
412,5.462616822429927,2.0126835781041432,89.8351134846462,0.014534411895599453,0.014534411895599453,0.014534411895599453,1.0,0.08311081441922577,-0.04205607476635516
413,13.447115384615385,17.360576923076923,26.355769230769234,0.021248114630467538,0.021248114630467538,0.021248114630467538,1.0,57.68509615384616,61.53846153846155
414,22.49337748344369,11.519867549668874,38.30794701986755,0.9308920919361122,0.9308920919361122,0.9308920919361122,1.0,0.408940397350993,-0.008278145695363878
415,15.186746987951807,14.198795180722891,73.19879518072288,0.26418615639026694,0.26418615639026694,0.26418615639026694,1.0,-0.35240963855421653,58.37349397590362
416,9.784848484848485,9.351515151515152,85.13030303030303,0.01546048722519311,0.01546048722519311,0.01546048722519311,1.0,-97.16363636363639,1.2151515151515149
417,13.427480916030534,17.778625954198475,22.31297709923664,0.018709773985930225,0.018709773985930225,0.018709773985930225,1.0,77.01908396946565,-99.75190839694656
418,20.199386503067483,11.266871165644172,84.34662576687117,0.017153855407193566,0.017153855407193566,0.017153855407193566,1.0,-39.07208588957055,0.9677914110429444
419,9.081690140845069,16.39154929577465,78.0450704225352,0.018945042805854725,0.018945042805854725,0.018945042805854725,1.0,-1.4309859154929578,37.883098591549285
420,17.361031518624642,6.065902578796552,52.578796561604584,0.9441878757233555,0.9441878757233555,0.9441878757233555,1.0,-0.9340974212034386,-0.3796561604584525
421,16.455357142857142,18.586309523809522,82.45833333333333,0.02180205415499531,0.02180205415499531,0.02180205415499531,1.0,67.66666666666667,-0.9508928571428573
422,14.072836332476435,2.125964010282779,92.21679520137106,0.015252784918594761,0.015252784918594761,0.015252784918594761,1.0,0.08397600685518439,-0.5077120822622108
423,5.695312500000027,11.5390625,16.588541666666664,0.9321180555555556,0.9321180555555556,0.9321180555555556,1.0,0.787760416666667,-2.729166666666665
424,8.587209302325581,16.261627906976745,74.25,0.018262653898768813,0.018262653898768813,0.018262653898768813,1.0,107.72383720930233,107.26744186046508
425,19.088607594936708,18.556962025316455,26.78481012658228,0.9144700918342021,0.9144700918342021,0.9144700918342021,1.0,107.70886075949366,106.78481012658227
426,25.29873417721518,6.144936708860748,57.581012658227834,0.013206751054852417,0.013206751054852417,0.013206751054852417,1.0,0.0756329113924054,-0.08892405063291157
427,10.578595317725753,9.08026755852843,85.30434782608694,0.017758541543707762,0.017758541543707762,0.017758541543707762,1.0,0.8210702341137122,-112.67391304347827
428,20.06384676775737,25.29130087789309,91.95371109337592,0.013085457646745902,0.013085457646745902,0.013085457646745902,1.0,-0.07621707901037511,0.0383080606544295
429,8.847701149425287,20.247126436781606,55.2183908045977,0.01901059274284425,0.01901059274284425,0.01901059274284425,1.0,-0.5991379310344828,-68.58764367816093
430,13.254237288135593,14.542372881355933,77.5677966101695,0.5221335992023929,0.5221335992023929,0.5221335992023929,1.0,97.62711864406779,-65.89406779661019
431,13.038888888888888,16.65,79.82222222222222,0.018867102396514124,0.018867102396514124,0.018867102396514124,1.0,102.36111111111111,-54.419444444444444
432,13.561290322580646,20.425806451612925,73.94193548387098,0.8852751423149903,0.8852751423149903,0.8852751423149903,1.0,0.7112903225806452,108.95161290322586
433,19.38095238095238,15.531135531135531,83.65201465201466,0.020196796667384886,0.020196796667384886,0.020196796667384886,1.0,107.97069597069599,1.664835164835165
434,7.631860776439093,1.524096385542169,44.633868808567605,0.014607449405465087,0.014607449405465087,0.014607449405465087,1.0,-0.1251673360107095,-0.05455153949129851
435,8.851851851851851,7.746031746031745,45.34126984126984,0.015779645191409924,0.015779645191409924,0.015779645191409924,1.0,1.4417989417989419,39.14417989417989
436,15.636714975845411,16.044444444444444,89.84444444444443,0.016894951217201915,0.016894951217201915,0.016894951217201915,1.0,-0.4096618357487923,-0.33188405797101467
437,25.245138888888874,6.884722222222205,25.775,0.013382352941176567,0.013382352941176567,0.013382352941176567,1.0,-0.14201388888888888,0.17777777777777776
438,14.320625,2.1312500000000103,75.98875000000001,0.014259803921568726,0.014259803921568726,0.014259803921568726,1.0,-0.17062499999999986,0.2637500000000001
439,7.025371828521447,15.237970253718284,69.26509186351706,0.016444513063318164,0.016444513063318164,0.016444513063318164,1.0,0.6964129483814523,-0.26246719160105
440,5.848148148148162,24.61333333333337,49.44222222222222,0.014617283950617357,0.014617283950617357,0.014617283950617357,1.0,0.03444444444444441,0.04555555555555557
441,18.522935779816514,9.559633027522937,17.330275229357802,0.017161359956826744,0.017161359956826744,0.017161359956826744,1.0,-1.640672782874618,-60.58256880733945
442,1.7758152173912851,20.979619565217398,8.849864130434788,0.014404838022165481,0.014404838022165481,0.014404838022165481,1.0,0.13994565217391333,-0.11582880434782625
443,18.655352480417754,6.8224543080939934,17.843342036553537,0.019628321302411295,0.019628321302411295,0.019628321302411295,1.0,0.9295039164490867,107.63446475195825
444,9.73943661971831,18.429577464788732,42.38732394366197,0.01524440762220379,0.01524440762220379,0.01524440762220379,1.0,-103.44014084507042,-106.79225352112677
445,10.303571428571429,17.646428571428572,83.89642857142857,0.019089635854341716,0.019089635854341716,0.019089635854341716,1.0,-0.19821428571428565,110.13928571428572
446,15.161061946902656,8.061061946902644,51.686725663716814,0.017310428596217314,0.017310428596217314,0.017310428596217314,1.0,-0.31725663716814134,-0.1522123893805311
447,8.932835820895521,18.455223880597014,82.8768656716418,0.5666374012291483,0.5666374012291483,0.5666374012291483,1.0,-2.212686567164179,-0.15858208955223912
448,17.024242424242424,8.239393939393942,53.6,0.015412953060011864,0.015412953060011864,0.015412953060011864,1.0,68.87878787878789,1.4954545454545456
449,25.260638297872333,17.6081560283688,90.57180851063832,0.014851898206091035,0.014851898206091035,0.014851898206091035,1.0,0.16578014184397202,0.12632978723404237
450,6.060975609756099,6.756097560975596,72.3841463414634,0.892611190817791,0.892611190817791,0.892611190817791,1.0,110.76829268292687,111.15853658536584
451,2.3587096774193483,7.172258064516112,7.03096774193547,0.013510436432637662,0.013510436432637662,0.013510436432637662,1.0,0.25387096774193535,-0.026129032258064698
452,10.192771084337348,24.84638554216871,42.171686746987945,0.01648653437278534,0.01648653437278534,0.01648653437278534,1.0,-0.04668674698795181,-0.1411897590361446
453,2.3668461998803068,21.02932375822862,90.11849192100539,0.00684103683364444,0.00684103683364444,0.00684103683364444,1.0,0.6549970077797731,-0.1678635547576303
454,9.340798442064274,5.964946445959123,42.487828627069135,0.01803081505240854,0.01803081505240854,0.01803081505240854,1.0,0.11343719571567686,0.0038948393378772372
455,17.505900865460262,24.91660110149492,7.614476789929199,0.015920766418290447,0.015920766418290447,0.015920766418290447,1.0,0.0952006294256491,-0.009441384736428124
456,22.075085324232084,9.139931740614333,41.9283276450512,0.01923308572575784,0.01923308572575784,0.01923308572575784,1.0,-109.7150170648464,-0.6313993174061439
457,1.6709546377792588,24.941096817874108,42.001354096140815,0.014597687416198796,0.014597687416198796,0.014597687416198796,1.0,0.04400812457684487,0.20412999322951925
458,5.591715976331361,9.745562130177515,15.31065088757397,0.020303979579997647,0.020303979579997647,0.020303979579997647,1.0,92.81952662721892,0.24556213017751488
459,10.646103896103895,9.227272727272727,46.438311688311686,0.026228673287496777,0.026228673287496777,0.026228673287496777,1.0,-76.12824675324674,0.87987012987013
460,14.024896265560166,11.709543568464731,60.06224066390041,0.020161093483036338,0.020161093483036338,0.020161093483036338,1.0,-57.19502074688797,-53.867219917012456
461,17.158273381294965,10.56115107913669,81.46043165467627,0.020877415714487244,0.020877415714487244,0.020877415714487244,1.0,-107.86690647482015,-107.16906474820146
462,23.62576687116563,13.71165644171779,15.944785276073617,0.894767232046193,0.894767232046193,0.894767232046193,1.0,-110.10122699386501,0.049079754601226946
463,15.88563829787234,18.10372340425532,45.63297872340426,0.020337922403003736,0.020337922403003736,0.020337922403003736,1.0,78.21808510638299,1.0159574468085104
464,14.587264150943398,8.825471698113208,18.179245283018865,0.0181557528671846,0.0181557528671846,0.0181557528671846,1.0,-105.97759433962266,-0.011792452830188718
465,14.109311740890687,15.267206477732794,20.793522267206484,0.019322060808128885,0.019322060808128885,0.019322060808128885,1.0,-53.093117408906885,-94.92307692307692
466,16.869843527738258,1.997866287339976,60.76955903271692,0.015039187794605835,0.015039187794605835,0.015039187794605835,1.0,0.0021337126600284523,-0.06045519203413958
467,12.63768115942029,14.270531400966183,73.43478260869566,0.27083451738183184,0.27083451738183184,0.27083451738183184,1.0,-0.4202898550724635,-79.19565217391305
468,18.125954198473284,16.106870229007633,15.160305343511446,0.01686873222571468,0.01686873222571468,0.01686873222571468,1.0,-0.6106870229007634,40.179389312977094
469,8.69943820224719,15.935393258426966,14.876404494382022,0.01914518616435336,0.01914518616435336,0.01914518616435336,1.0,1.3890449438202246,105.39466292134833
470,11.146853146853147,18.328671328671327,65.44055944055944,0.3058549293843411,0.3058549293843411,0.3058549293843411,1.0,63.75874125874126,2.968531468531469
471,16.395973154362416,12.348993288590604,76.54362416107382,0.7056981181734439,0.7056981181734439,0.7056981181734439,1.0,3.963087248322147,-57.90939597315436
472,20.728115345005136,14.044284243048404,9.64469618949537,0.020621554492033706,0.020621554492033706,0.020621554492033706,1.0,-0.3223480947476827,-0.2693099897013389
473,21.475000000000005,21.449999999999996,50.35,0.018986928104575224,0.018986928104575224,0.018986928104575224,1.0,-111.61249999999993,-107.77499999999998
474,1.869193154034214,11.663814180929096,75.2041564792176,0.013586461479457398,0.013586461479457398,0.013586461479457398,1.0,0.4153422982885085,-0.1512836185819072
475,9.238095238095237,18.42857142857143,73.45238095238095,0.8980859010270773,0.8980859010270773,0.8980859010270773,1.0,-103.64285714285715,106.95833333333333
476,18.21923076923077,18.58076923076923,76.88076923076923,0.44776772247360486,0.44776772247360486,0.44776772247360486,1.0,-1.0019230769230765,-0.12115384615384583
477,22.203821656050955,18.136942675159236,19.216560509554142,0.016972648932184295,0.016972648932184295,0.016972648932184295,1.0,-105.38216560509557,0.7085987261146498
478,6.435443037974679,18.3873417721519,81.83037974683543,0.018883097542814586,0.018883097542814586,0.018883097542814586,1.0,59.121518987341766,0.46455696202531677
479,11.022727272727273,12.0,68.47727272727272,0.31243315508021385,0.31243315508021385,0.31243315508021385,1.0,76.19886363636364,95.82954545454545
480,12.138686131386862,16.985401459854014,71.07299270072993,0.2201230857306426,0.2201230857306426,0.2201230857306426,1.0,-91.0802919708029,-0.7335766423357665
481,17.917151162790688,24.85392441860469,56.508720930232556,0.014349635202918473,0.014349635202918473,0.014349635202918473,1.0,0.031613372093023326,-0.2300145348837208
482,5.757170172084149,2.279158699808809,9.186105799872536,0.008108074332346185,0.008108074332346185,0.008108074332346185,1.0,-0.1128107074569789,0.4305289993626516
483,14.955752212389381,8.209439528023601,15.548672566371678,0.018115564809994794,0.018115564809994794,0.018115564809994794,1.0,70.61651917404129,1.8230088495575218
484,1.8845177664974457,1.6744923857868077,50.41814720812183,0.013996715437444102,0.013996715437444102,0.013996715437444102,1.0,0.13293147208121847,-0.1722715736040608
485,9.309248554913296,10.072254335260116,51.95375722543353,0.020990592768899433,0.020990592768899433,0.020990592768899433,1.0,-0.585260115606936,-102.89306358381502
486,10.191616766467066,19.293413173652695,49.44311377245509,0.02158036867441583,0.02158036867441583,0.02158036867441583,1.0,-104.73053892215572,105.49700598802399
487,10.321678321678322,13.433566433566433,25.979020979020977,0.4875359934183464,0.4875359934183464,0.4875359934183464,1.0,1.0944055944055953,-102.58741258741259
488,23.022222222222226,17.82962962962963,64.12962962962963,0.016732026143790824,0.016732026143790824,0.016732026143790824,1.0,-106.57407407407408,-0.5000000000000001
489,5.826005025125652,24.57035175879401,75.98618090452261,0.013824022071140127,0.013824022071140127,0.013824022071140127,1.0,0.04208542713567848,-0.07003768844221113
490,11.879194630872483,13.40268456375839,20.664429530201346,0.23500460586919328,0.23500460586919328,0.23500460586919328,1.0,1.6208053691275166,-52.71476510067113
491,13.49468085106383,12.797872340425531,76.02659574468085,0.018585732165206467,0.018585732165206467,0.018585732165206467,1.0,-55.31648936170211,98.78457446808511
492,25.547976011993995,25.11169415292357,8.455022488755631,0.012770085545462662,0.012770085545462662,0.012770085545462662,1.0,-0.30584707646176856,-0.04535232383808113
493,14.164179104477611,14.293532338308458,68.64179104477611,0.01527655838454782,0.01527655838454782,0.01527655838454782,1.0,54.975124378109456,-53.94029850746269
494,14.782274947662248,25.36217725052342,91.39218422889047,0.013650233296389133,0.013650233296389133,0.013650233296389133,1.0,0.09455687369155644,0.005582693649685902
495,6.0936490850376845,7.554359526372433,73.04843918191604,0.012089744401528171,0.012089744401528171,0.012089744401528171,1.0,0.19160387513455343,0.1431646932185145
496,14.706467661691542,7.482587064676609,84.84079601990051,0.8868598185542872,0.8868598185542872,0.8868598185542872,1.0,3.1940298507462686,-108.6417910447761
497,25.077376565954307,21.257184966838622,37.54237288135593,0.013189417255480049,0.013189417255480049,0.013189417255480049,1.0,-0.09248341930729544,-0.08142962417096537
498,18.35,8.96,27.406666666666663,0.21684967320261433,0.21684967320261433,0.21684967320261433,1.0,0.1649999999999999,0.9583333333333333
499,24.953744493392055,20.88472834067548,75.28781204111601,0.014390602055800394,0.014390602055800394,0.014390602055800394,1.0,-0.16299559471365627,0.06644640234948594
